GDW_ID,RES_NAME,DAM_NAME,ALT_NAME,DAM_TYPE,LAKE_CTRL,RIVER,ALT_RIVER,MAIN_BASIN,SUB_BASIN,COUNTRY,SEC_CNTRY,ADMIN_UNIT,SEC_ADMIN,NEAR_CITY,ALT_CITY,YEAR_DAM,PRE_YEAR,YEAR_SRC,ALT_YEAR,REM_YEAR,TIMELINE,YEAR_TXT,DAM_HGT_M,ALT_HGT_M,DAM_LEN_M,ALT_LEN_M,AREA_SKM,AREA_POLY,AREA_REP,AREA_MAX,AREA_MIN,CAP_MCM,CAP_MAX,CAP_REP,CAP_MIN,DEPTH_M,DIS_AVG_LS,DOR_PC,ELEV_MASL,CATCH_SKM,CATCH_REP,POWER_MW,DATA_INFO,USE_IRRI,USE_ELEC,USE_SUPP,USE_FCON,USE_RECR,USE_NAVI,USE_FISH,USE_PCON,USE_LIVE,USE_OTHR,MAIN_USE,MULTI_DAMS,COMMENTS,URL,QUALITY,EDITOR,LONG_RIV,LAT_RIV,LONG_DAM,LAT_DAM,ORIG_SRC,POLY_SRC,GRAND_ID,HYRIV_ID,INSTREAM,HYLAK_ID,HYBAS_L12,Shape,log_area
137,Flaming Gorge,Flaming Gorge,,Dam,,Green River,,,,United States,,Utah,Wyoming,,,1963,-99,GRanD,-99,-99,,Built 1963,153,-99,580,-99,126.703,126.703,177.3,-99,-99,4336.3,4336.3,-99,-99,34.20000076293945,97626,140.8000030517578,1836,39053,38850,-99,,,Sec,Main,Sec,Sec,,,,,,Water supply,,,,2: Good,UNH,-109.42047099999996,40.91566500000005,NA,NA,GRanD,SWBD,451,70545007,Instream,784,7121062760,"c(-109.420471, 40.915665)",2.1027868979775306
146,Lake Powell,Glen Canyon,,Dam,,Colorado River,,,,United States,,Arizona,Utah,,,1963,-99,GRanD,-99,-99,,Built 1963,216,-99,580,-99,120.798,120.798,650.7,-99,-99,25070,25070,-99,-99,207.5,562446,141.3000030517578,1121,278955,280638,1320,,Sec,Main,Sec,,Sec,,,,,Sec,Hydroelectricity,,,https://en.wikipedia.org/wiki/Glen_Canyon_Dam,2: Good,UNH,-111.48522799999995,36.93963500000007,NA,NA,GRanD,SWBD,597,70645085,Instream,802,7121103910,"c(-111.485228, 36.9396350000001)",2.082059743919598
153,Lake Mead,Hoover,,Dam,,Colorado River,,,,United States,,Nevada,Arizona,,,1935,-99,GRanD,-99,-99,,Built 1935,223,-99,580,-99,581.059,581.059,634.5,-99,-99,36700,36700,34852,-99,63.20000076293945,586683,198.39999389648438,370,424018,434600,-99,,Sec,Sec,Main,,,,,,,,Water supply,,,,2: Good,UNH,-114.73500599999994,36.01819100000006,NA,NA,GRanD,SWBD,610,70668924,Instream,809,7121112890,"c(-114.735006, 36.0181910000001)",2.7642202323447296
711,Fremont Lake,Fremont Lake,,Dam,,Pine Creek,,,,United States,,Wyoming,,,,1993,-99,GRanD,-99,-99,,Built 1993,5,-99,70,-99,19.645,19.645,21.9,-99,-99,38.1,38.1,-99,-99,1.899999976158142,1709,70.69999694824219,2264,262,249,-99,,Main,,,,,,Sec,,,,Irrigation,,,,2: Good,UNH,-109.83541699999995,42.906930000000045,NA,NA,GRanD,SWBD,407,70490786,Instream,9095,7120469490,"c(-109.835417, 42.90693)",1.293252033147825
732,Fontenelle,Fontenelle,,Dam,,Green River,,,,United States,,Wyoming,,,,1963,-99,GRanD,-99,-99,,Built 1963,42,-99,583,-99,31.367,31.367,32.6,-99,-99,185.6,185.6,-99,-99,5.900000095367432,56459,10.399999618530273,1978,10840,10813,-99,,,Main,Sec,,Sec,,Sec,,,,Hydroelectricity,,,,2: Good,UNH,-110.06562499999995,42.02837100000005,NA,NA,GRanD,SWBD,423,70514672,Instream,9132,7120490620,"c(-110.065625, 42.028371)",1.4964729839273
767,,Bor Starvation,,Dam,,Strawberry River,,,,United States,,Utah,,,,1970,-99,GRanD,-99,-99,,Built 1970,61,-99,91,-99,11.274,11.274,-99,-99,-99,233.1,233.1,206.6,-99,20.700000762939453,5871,125.9000015258789,1741,2726,-99,-99,,,,Main,,,,,,,,Water supply,,,,2: Good,UNH,-110.44483399999996,40.19126400000005,NA,NA,GRanD,SWBD,488,70564664,Instream,9189,7120536560,"c(-110.444834, 40.191264)",1.0520780304841693
771,Lake Granby,Granby,,Dam,,Colorado River,,,,United States,,Colorado,,,,1949,-99,GRanD,-99,-99,,Built 1949,91,-99,580,-99,24.704,24.704,29.4,-99,-99,574.3,574.3,-99,-99,23.200000762939453,1936,940.5999755859375,2520,797,484,-99,,Main,Sec,,,,,,,,,Irrigation,,,,2: Good,UNH,-105.85601299999996,40.139748000000054,NA,NA,GRanD,SWBD,492,70565190,Instream,9193,7120537980,"c(-105.856013, 40.1397480000001)",1.3927672786556422
772,Strawberry,Soldier Creek,,Dam,,Strawberry River,,,,United States,,Utah,,,,1972,-99,GRanD,-99,-99,,Built 1972,83,-99,580,-99,61.197,61.197,70,-99,-99,1390.9,1390.9,1365.4,-99,22.700000762939453,2114,2086.300048828125,2316,547,440,-99,,Main,Sec,Sec,Sec,Sec,,Sec,,,,Irrigation,,,,2: Good,UNH,-111.02827499999995,40.13714600000003,NA,NA,GRanD,SWBD,493,70565550,Instream,9194,7120537780,"c(-111.028275, 40.137146)",1.786730132678565
783,,Dillon,,Dam,,Blue River,,,,United States,,Colorado,,,,1963,-99,GRanD,-99,-99,,Built 1963,94,-99,1798,-99,12.318,12.318,13.4,-99,-99,376.2,376.2,313.3,-99,30.5,4138,288.29998779296875,2751,844,875,-99,,,,Sec,,Main,,,,,,Recreation,,,http://water.state.co.us/damsafety/dams.asp,2: Good,UNH,-106.06041599999998,39.618750000000034,NA,NA,GRanD,SWBD,509,70578973,Instream,9206,7121076000,"c(-106.060416, 39.61875)",1.0905401997542354
816,Blue Mesa,Blue Mesa,,Dam,,Gunnison River,,,,United States,,Colorado,,,,1965,-99,GRanD,-99,-99,,Built 1965,119,-99,580,-99,30.256,30.256,37.1,-99,-99,923.2,923.2,-99,-99,30.5,52371,55.900001525878906,2288,8905,8987,-99,,Sec,Main,,Sec,Sec,,,,,,Hydroelectricity,,,,2: Good,UNH,-107.33361099999996,38.453670000000045,NA,NA,GRanD,SWBD,541,70607939,Instream,9244,7120578370,"c(-107.333611, 38.45367)",1.4808115115009646
842,McPhee,McPhee,,Dam,,Delores,,,,United States,,Colorado,,,,1983,-99,GRanD,-99,-99,,Built 1983,90,-99,580,-99,14.871,14.871,18.1,-99,-99,282.5,282.5,-99,-99,19,9433,95,2111,2085,2095,-99,,Main,Sec,Sec,,Sec,,Sec,,,,Irrigation,,,,2: Good,UNH,-108.57143599999995,37.57821500000006,NA,NA,GRanD,SWBD,567,70629252,Instream,9277,7120597640,"c(-108.571436, 37.5782150000001)",1.1723401736248134
856,Navajo,Navajo,,Dam,,San Juan River,,,,United States,,New Mexico,Colorado,,,1962,-99,GRanD,-99,-99,,Built 1962,123,-99,582,-99,52.196,52.196,63.2,-99,-99,1278,1278,-99,-99,24.5,43946,92.19999694824219,1852,8331,8262,-99,,Main,,,Sec,Sec,,,,,,Irrigation,,,,2: Good,UNH,-107.60948099999996,36.80149200000005,NA,NA,GRanD,SWBD,601,70647823,Instream,9298,7120617110,"c(-107.609481, 36.801492)",1.7176372224564853
908,Lake Mohave,Davis Bor,,Dam,,Colorado River,,,,United States,,Arizona,Nevada,,,1952,-99,GRanD,-99,-99,,Built 1952,61,-99,580,-99,98.685,98.685,115.3,-99,-99,2242.9,2242.9,-99,-99,22.700000762939453,507351,14,198,426441,2391,-99,,,Main,,,,,,,,,Hydroelectricity,,,,2: Good,UNH,-114.57279099999994,35.202270000000055,NA,NA,GRanD,SWBD,616,70689669,Instream,9360,7121121710,"c(-114.572791, 35.2022700000001)",1.9942511454528666
935,Lake Havasu,Parker,,Dam,,Colorado River,,,,United States,,California,Arizona,,,1938,-99,GRanD,-99,-99,,Built 1938,98,-99,580,-99,60.776,60.776,82.5,-99,-99,803,803,-99,-99,13.199999809265137,519260,4.900000095367432,136,451274,24605,-99,,Sec,Sec,Main,,,,,,,,Water supply,,,,2: Good,UNH,-114.13872499999997,34.29867000000007,NA,NA,GRanD,SWBD,629,70713479,Instream,9392,7120677820,"c(-114.138725, 34.2986700000001)",1.7837321133962285
951,Lake Pleasant,New Waddell Dam,,Dam,,Agua Fria,,Colorado,,United States,,Arizona,,Maricopa County,,1992,-99,GRanD,-99,-99,,Built 1992,134,-99,1433,-99,35.315,35.315,40.4,-99,-99,1311.4,-99,1311.4,661.4,37.099998474121094,6606,629.5,509,3707,3780,-99,,,Sec,Main,Sec,,,,,,,Water supply,,"Flooded the Old Waddell dam, volume reported in NABD much smaller than HydroLAKES polygon volume",https://en.wikipedia.org/wiki/New_Waddell_Dam,2: Good,McGill-PB,-112.27380297799999,33.84917645200005,NA,NA,GRanD,JRC-GSW,7307,70723884,Instream,9415,7121135970,"c(-112.273802978, 33.849176452)",1.5479592105871862
957,Roosevelt Lake,Theodore Roosevelt,,Dam,,Salt River,,,,United States,,Arizona,,,,1911,-99,GRanD,-99,-99,,Built 1911,109,-99,580,-99,40.277,40.277,87,-99,-99,1641.8,1641.8,-99,-99,40.79999923706055,10399,500.6000061035156,630,15001,14856,-99,,Main,Sec,,,Sec,,,,,,Irrigation,,,,2: Good,UNH,-111.15623599999998,33.67709700000006,NA,NA,GRanD,SWBD,647,70728597,Instream,9422,7121136890,"c(-111.156236, 33.6770970000001)",1.6050571150105124
968,San Carlos Lake,Coolidge,,Dam,,Gila River,,,,United States,,Arizona,,,,1929,-99,GRanD,-99,-99,,Built 1929,77,-99,280,-99,15.464,15.464,-99,-99,-99,1323.5,1323.5,-99,-99,85.5999984741211,9842,426.3999938964844,742,33584,33375,-99,,Main,Sec,,,Sec,,,,,,Irrigation,,,,3: Fair,UNH,-110.52289499999995,33.17626500000006,NA,NA,GRanD,SWBD,656,70739451,Instream,9440,7120698880,"c(-110.522895, 33.1762650000001)",1.1893218410204967
2493,New Fork Lake,New Fork Lake,,Dam,,West Fork of New Fork River,New Fork River,,,United States,,Wyoming,,,,1925,-99,GRanD,1987,-99,,Built 1925,9,-99,76,-99,5.034,5.034,5.7,-99,-99,31.7,31.7,25.1,-99,6.300000190734863,605,166.10000610351562,2383,92,83,-99,,Main,,,,,,,,,,Irrigation,,,,2: Good,UNH,-109.96729799999997,43.08965800000004,NA,NA,GRanD,SWBD,400,70485181,Instream,111093,7120467940,"c(-109.967298, 43.089658)",0.7019132112123438
2499,,Willow Lake,,Dam,,Lake Creek,,,,United States,,Wyoming,,,,1955,-99,GRanD,-99,-99,,Built 1955,6,-99,98,-99,7.045,7.045,7.9,-99,-99,39.6,39.6,27.9,-99,5.599999904632568,608,206.5,2347,87,83,-99,,Main,,,,,,,Sec,,,Irrigation,,,,2: Good,UNH,-109.90507799999995,42.99500000000006,NA,NA,GRanD,SWBD,403,70487916,Instream,111121,7120467840,"c(-109.905078, 42.9950000000001)",0.8478809974453753
2509,,Boulder Lake,,Dam,,Boulder Creek,,,,United States,,Wyoming,,,,1964,-99,GRanD,-99,-99,,Built 1964,8,-99,116,-99,6.761,6.761,6.8,-99,-99,46.6,46.6,27.5,-99,6.900000095367432,2201,67.0999984741211,2223,330,327,-99,,Main,,Sec,,Sec,,Sec,Sec,,,Irrigation,,,,2: Good,UNH,-109.70136299999996,42.83623000000006,NA,NA,GRanD,SWBD,409,70494205,Instream,111177,7120471350,"c(-109.701363, 42.8362300000001)",0.8300109359361179
2542,,Big Sandy Dike,,Dam,,Big Sandy Creek,,,,United States,,Wyoming,,,,1952,-99,GRanD,1985,-99,,Built 1952,6,-99,586,-99,6.691,6.691,13,-99,-99,67.1,67.1,49,-99,10,4611,46.099998474121094,2058,998,1033,-99,,Main,,,Sec,,,,,,,Irrigation,,,,3: Fair,UNH,-109.43242599999996,42.25208300000003,NA,NA,GRanD,SWBD,419,70508473,Instream,111393,7120487890,"c(-109.432426, 42.252083)",0.8254910298794309
2545,Eden,Eden Dike 1,,Dam,,Offstream Little Sandy Creek,,,,United States,,Wyoming,,,,1906,-99,GRanD,-99,-99,,Built 1906,9,-99,581,-99,3.096,3.096,4.7,-99,-99,16.2,16.2,-99,-99,5.199999809265137,62,828.5,2045,19,16,-99,,Main,,,,,,,,,,Irrigation,,,,2: Good,UNH,-109.37228699999997,42.238935000000026,NA,NA,GRanD,SWBD,420,70507912,Instream,111401,7120487890,"c(-109.372287, 42.238935)",0.490800952010855
2563,Lake Viva Naughton,Lake Viva Naughton Dam,,Dam,,Hams Fork River,,,,United States,,Wyoming,,,,1967,-99,GRanD,1989,-99,,Built 1967,25,-99,975,-99,4.67,4.67,7.8,-99,-99,95.8,95.8,85.9,-99,20.5,1276,238.10000610351562,2206,590,604,-99,,Sec,,,,,,,,,Main,Other,,,,2: Good,UNH,-110.66041699999994,41.96939000000003,NA,NA,GRanD,SWBD,425,70515736,Instream,111530,7121051130,"c(-110.660417, 41.96939)",0.6693168805661122
2578,,Texasgulf Tailings,,Dam,,Trib. Bluebell Draw,,,,United States,,Wyoming,,,,1976,-99,GRanD,-99,-99,,Built 1976,9,-99,1606,-99,1.409,1.409,3.6,-99,-99,23.8,23.8,20.4,-99,16.899999618530273,5,10000,1990,3,3,-99,,,,,,,,,Main,,Sec,Pollution control,,,,3: Fair,UNH,-109.87708299999997,41.74221600000004,NA,NA,GRanD,SWBD,429,70521732,Offstream,111622,7121053460,"c(-109.877083, 41.742216)",0.14891099310935643
2639,,Meeks Cabin,,Dam,,Blacks Fork River,,,,United States,,Wyoming,,,,1970,-99,GRanD,-99,-99,,Built 1970,56,-99,582,-99,1.444,1.444,1.9,-99,-99,36.4,36.4,-99,-99,25.200000762939453,987,116.9000015258789,2644,396,391,-99,,Main,,,,,,,,,,Irrigation,,,,2: Good,UNH,-110.58260899999999,41.025296000000026,NA,NA,GRanD,SWBD,445,70542158,Instream,111896,7121060100,"c(-110.582609, 41.025296)",0.15956719323362029
2667,Steamboat Lake,Willow Creek,,Dam,,Willow Creek,,,,United States,,Colorado,,,,1966,-99,GRanD,-99,-99,,Built 1966,30,-99,213,-99,4.051,4.051,4.1,-99,-99,45.5,45.5,28.4,-99,11.199999809265137,231,624.5999755859375,2452,104,92,-99,,,,,,Main,,,,,,Recreation,,,http://water.state.co.us/damsafety/dams.asp,2: Good,UNH,-106.94873399999994,40.79355900000007,NA,NA,GRanD,SWBD,455,70548421,Instream,111968,7120522150,"c(-106.948734, 40.7935590000001)",0.6075622431835882
2701,Red Fleet,Red Fleet,,Dam,,Big Brush Creek,,,,United States,,Utah,,,,1979,-99,GRanD,-99,-99,,Built 1979,53,-99,580,-99,1.402,1.402,3,-99,-99,29.6,29.6,-99,-99,21.100000381469727,257,365.20001220703125,1709,245,215,-99,,Main,,Sec,,Sec,,Sec,,,,Irrigation,,,,3: Fair,UNH,-109.42023599999999,40.57798800000006,NA,NA,GRanD,SWBD,469,70554253,Instream,112045,7120526320,"c(-109.420236, 40.5779880000001)",0.14674801363063983
2703,Moon Lake,Moon Lake,,Dam,,Lake Fork River,,,,United States,,Utah,,,,1937,-99,GRanD,-99,-99,,Built 1937,31,-99,580,-99,3.07,3.07,3.1,-99,-99,44.2,44.2,-99,-99,14.399999618530273,518,270.6000061035156,2467,298,285,-99,,Main,,,,,,,,,,Irrigation,,,,2: Good,UNH,-110.48900499999996,40.56222200000008,NA,NA,GRanD,SWBD,471,70554929,Instream,112048,7120529100,"c(-110.489005, 40.5622220000001)",0.48713837547718647
2704,,Elkhead Creek,,Dam,,Elkhead Creek,,,,United States,,Colorado,,,,1979,-99,GRanD,2006,-99,,Built 1979,29,-99,354,-99,1.637,1.637,2.2,-99,-99,22.8,22.8,16.7,-99,13.899999618530273,1249,57.900001525878906,1942,538,549,-99,,,,Sec,,,,Main,,,,Fisheries,,,http://water.state.co.us/damsafety/dams.asp,2: Good,UNH,-107.38290099999995,40.558125000000075,NA,NA,GRanD,SWBD,472,70555050,Instream,112049,7120527340,"c(-107.382901, 40.5581250000001)",0.21404867941194144
2710,Steinaker,Steinaker,,Dam,,OS,,,,United States,,Utah,,,,1960,-99,GRanD,-99,-99,,Built 1960,49,-99,581,-99,2.649,2.649,3.4,-99,-99,41.1,41.1,-99,-99,15.5,53,2459,1681,53,49,-99,,Main,,,,,,,,,,Irrigation,,,,2: Good,UNH,-109.53124999999994,40.510417000000075,NA,NA,GRanD,SWBD,473,70555730,Instream,112060,7120528710,"c(-109.53125, 40.5104170000001)",0.42308195829723105
2736,,Big Sand Wash,,Dam,,Big Sand Wash,,,,United States,,Utah,,,,1965,-99,GRanD,-99,-99,,Built 1965,34,-99,242,-99,1.331,1.331,-99,-99,-99,18,18,14.9,-99,13.5,63,906,1795,60,29,-99,,Main,,,,,,,,,,Irrigation,,,,2: Good,UNH,-110.22766199999995,40.295551000000046,NA,NA,GRanD,SWBD,482,70561788,Instream,112112,7121069410,"c(-110.227662, 40.295551)",0.12417805547467511
2738,Bottle Hollow Reservoir,North Bottle Hollow,,Dam,,Offstream Uinta River,,,,United States,,Utah,,,,1970,-99,GRanD,-99,-99,,Built 1970,23,-99,152,-99,1.715,1.715,1.9,-99,-99,14.5,14.5,13.7,-99,8.5,6,7663.2001953125,1559,7,8,-99,,,,,,Main,,,,,,Recreation,,,,2: Good,UNH,-109.87840499999999,40.290901000000076,NA,NA,GRanD,SWBD,483,70561662,Offstream,112114,7120534540,"c(-109.878405, 40.2909010000001)",0.23426412437878932
2739,,Stagecoach,,Dam,,Offstream Yampa River,,,,United States,,Colorado,,,,1989,-99,GRanD,-99,-99,,Built 1989,44,-99,110,-99,2.922,2.922,3.2,-99,-99,51.4,51.4,41,-99,17.600000381469727,959,170,2196,584,1,-99,,Main,,,,,,,,,,Irrigation,,,http://water.state.co.us/damsafety/dams.asp,2: Good,UNH,-106.83302099999997,40.285105000000044,NA,NA,GRanD,SWBD,484,70561325,Instream,112115,7120533500,"c(-106.833021, 40.285105)",0.465680211598278
2743,Shadow Mountain,Shadow Mountain,,Dam,,Colorado River,,,,United States,,Colorado,,,,1945,-99,GRanD,-99,-99,,Built 1945,19,-99,582,-99,5.078,5.078,7.5,-99,-99,22.7,22.7,-99,-99,4.5,1115,64.5999984741211,2554,482,484,-99,,Main,,,,,,,,,,Irrigation,,,,2: Good,UNH,-105.84374999999994,40.210417000000064,NA,NA,GRanD,SWBD,487,70564010,Instream,112126,7120537230,"c(-105.84375, 40.2104170000001)",0.7056926965377035
2745,,Pelican Lake,,Dam,,Offstream Uinta River,,,,United States,,Utah,,,,1967,-99,GRanD,-99,-99,,Built 1967,4,-99,13,-99,4.728,4.728,-99,-99,-99,19.6,19.6,14.6,-99,4.099999904632568,22,2825.10009765625,1465,26,77,-99,,Main,,,,,,,,,,Irrigation,,,,3: Fair,UNH,-109.66608499999995,40.18952900000005,NA,NA,GRanD,SWBD,489,70564871,Instream,112133,7120538960,"c(-109.666085, 40.189529)",0.6746774678731989
2752,Willow Creek,Willow Creek,,Dam,,Willow Creek,,,,United States,,Colorado,,,,1952,-99,GRanD,-99,-99,,Built 1952,39,-99,580,-99,1.055,1.055,1.2,-99,-99,13.8,13.8,13,-99,13.100000381469727,1005,43.5,2481,353,329,-99,,Main,Sec,,,Sec,,,,,,Irrigation,,,,2: Good,UNH,-105.94508599999995,40.14798100000007,NA,NA,GRanD,SWBD,491,70565095,Instream,112146,7120537630,"c(-105.945086, 40.1479810000001)",0.023252459633711444
2756,Kenney Reservoir,Taylor Draw,,Dam,,White River,,,,United States,,Colorado,,,,1984,-99,GRanD,-99,-99,,Built 1984,25,-99,351,-99,1.508,1.508,2.5,-99,-99,27.4,27.4,17,-99,18.200000762939453,19126,4.5,1624,7163,7221,-99,,Sec,Sec,Sec,Main,Sec,,Sec,Sec,,Sec,Flood control,,,http://water.state.co.us/damsafety/dams.asp,2: Good,UNH,-108.71289999999999,40.10807200000005,NA,NA,GRanD,SWBD,494,70566288,Instream,112153,7120538560,"c(-108.7129, 40.108072)",0.17840134153375525
2759,,Williams Fork,,Dam,,Williams Fork River,,,,United States,,Colorado,,,,1959,-99,GRanD,-99,-99,,Built 1959,86,-99,183,-99,5.351,5.351,6.9,-99,-99,125.3,125.3,111.8,-99,23.399999618530273,3601,110.30000305175781,2379,587,596,-99,,,,Main,,,,,,,,Water supply,,,http://water.state.co.us/damsafety/dams.asp,2: Good,UNH,-106.20594299999999,40.03395000000006,NA,NA,GRanD,SWBD,497,70568283,Instream,112164,7120539920,"c(-106.205943, 40.0339500000001)",0.7284349509742548
2775,Green Mountain,Green Mountain,,Dam,,Blue River,,,,United States,,Colorado,,,,1942,-99,GRanD,-99,-99,,Built 1942,94,-99,580,-99,6.652,6.652,8.6,-99,-99,139.1,139.1,-99,-99,20.899999618530273,9539,46.20000076293945,2416,1493,1551,-99,,Main,Sec,,,Sec,,,,,,Irrigation,,,,2: Good,UNH,-106.32930899999997,39.87675600000006,NA,NA,GRanD,SWBD,502,70572220,Instream,112199,7121073610,"c(-106.329309, 39.8767560000001)",0.8229522405474816
2784,Scofield,Scofield,,Dam,,Price River,,,,United States,,Utah,,,,1945,-99,GRanD,-99,-99,,Built 1945,38,-99,579,-99,9.965,9.965,13.3,-99,-99,81.2,81.2,-99,-99,8.100000381469727,1107,232.60000610351562,2318,416,417,-99,,Main,,,,,,,,,,Irrigation,,,,2: Good,UNH,-111.12827999999996,39.78826500000008,NA,NA,GRanD,SWBD,506,70574661,Instream,112216,7120545200,"c(-111.12828, 39.7882650000001)",0.9984773030365064
2791,Rifle Gap,Rifle Gap,,Dam,,Rifle Creek,,,,United States,,Colorado,,,,1966,-99,GRanD,-99,-99,,Built 1966,48,-99,580,-99,1.43,1.43,1.5,-99,-99,15,15,-99,-99,10.5,1288,36.900001525878906,1821,360,368,-99,,Main,,,,,,,,,,Irrigation,,,,2: Good,UNH,-107.75937499999998,39.62857100000008,NA,NA,GRanD,SWBD,507,70579773,Instream,112248,7120552480,"c(-107.759375, 39.6285710000001)",0.1553360374650618
2797,Electric Lake,Electric Lake Dam,,Dam,,Huntington Creek,,,,United States,,Utah,,,,1974,-99,GRanD,-99,-99,,Built 1974,70,-99,280,-99,1.04,1.04,-99,-99,-99,43.8,43.8,38.9,-99,42.099998474121094,185,750.79998779296875,2610,74,78,-99,,,,Main,,,,,,,,Water supply,,,,2: Good,UNH,-111.21473699999996,39.60266800000005,NA,NA,GRanD,SWBD,510,70581169,Instream,112257,7120553130,"c(-111.214737, 39.602668)",0.01703333929878037
2822,,Homestake Dam,John P. Elliott Dam,Dam,,Middle Fork of Homestake River,Homestake River,,,United States,,Colorado,,,,1967,-99,GRanD,-99,-99,,Built 1967,81,-99,608,-99,1.21,1.21,1.3,-99,-99,56.6,56.6,53.8,-99,46.79999923706055,81,2215.800048828125,3134,20,19,-99,,,,Main,,,,,,,,Water supply,,,http://water.state.co.us/damsafety/dams.asp,2: Good,UNH,-106.46162999999996,39.36748200000005,NA,NA,GRanD,SWBD,516,70585640,Instream,112316,7120553240,"c(-106.46163, 39.367482)",0.08278537031645007
2823,,Ruedi,,Dam,,Fryingpan River,,,,United States,,Colorado,,,,1967,-99,GRanD,-99,-99,,Built 1967,88,-99,580,-99,2.999,2.999,4,-99,-99,160.4,160.4,126.3,-99,53.5,2815,180.6999969482422,2361,581,585,-99,,Main,,,,,,Sec,,,,Irrigation,,,,2: Good,UNH,-106.81449599999996,39.36497700000007,NA,NA,GRanD,SWBD,517,70585270,Instream,112317,7121079310,"c(-106.814496, 39.3649770000001)",0.4769764657595271
2830,Joes Valley,Joes Valley,,Dam,,Seely Creek,,,,United States,,Utah,,,,1965,-99,GRanD,-99,-99,,Built 1965,59,-99,580,-99,3.895,3.895,5.1,-99,-99,67.7,67.7,-99,-99,17.399999618530273,293,732.70001220703125,2129,370,350,-99,,Main,,,Sec,Sec,,,,,,Irrigation,,,,2: Good,UNH,-111.27299199999999,39.28989300000006,NA,NA,GRanD,SWBD,518,70587542,Instream,112333,7121080280,"c(-111.272992, 39.2898930000001)",0.5905074620085833
2836,,Giroux Tailings Impoundment,,Dam,,Giroux Wash,,,,United States,,Nevada,,,,1995,-99,GRanD,2016,-99,,Built 1995,37,-99,4316,-99,2.049,2.049,0.6,-99,-99,34.3,34.3,30.8,-99,16.700000762939453,99,1098.5999755859375,2054,34,1,-99,,,,,,,,,Main,,Sec,Pollution control,,,,2: Good,UNH,-115.05208299999998,39.22708300000005,NA,NA,GRanD,SWBD,520,70588900,Instream,112346,7120562740,"c(-115.052083, 39.227083)",0.311541958401195
2837,,Vega,,Dam,,Plateau Creek,,,,United States,,Colorado,,,,1958,-99,GRanD,-99,-99,,Built 1958,49,-99,581,-99,2.628,2.628,3.7,-99,-99,41.1,41.1,-99,-99,15.600000381469727,294,443.29998779296875,2430,63,62,-99,,Main,,,,,,,,,,Irrigation,,,,2: Good,UNH,-107.80963799999995,39.222856000000036,NA,NA,GRanD,SWBD,521,70590941,Instream,112347,7120558920,"c(-107.809638, 39.222856)",0.41962536088774316
2855,,Millsite,,Dam,,Ferron Creek,,,,United States,,Utah,,,,1971,-99,GRanD,1998,-99,,Built 1971,35,-99,1265,-99,1.187,1.187,-99,-99,-99,24.7,24.7,22.2,-99,20.799999237060547,85,921.4000244140625,1888,369,407,-99,,Main,,,,,,,,,,Irrigation,,,,2: Good,UNH,-111.19010599999996,39.101848000000075,NA,NA,GRanD,SWBD,526,70591870,Instream,112375,7121082090,"c(-111.190106, 39.1018480000001)",0.07445071895459124
2881,Taylor Park,Taylor Park,,Dam,,Taylor Park,,,,United States,,Colorado,,,,1937,-99,GRanD,-99,-99,,Built 1937,63,-99,188,-99,5.861,5.861,8.3,-99,-99,131,131,-99,-99,22.399999618530273,3353,123.9000015258789,2841,664,658,-99,,Main,,,,,,,,,,Irrigation,,,,2: Good,UNH,-106.60428899999994,38.820602000000065,NA,NA,GRanD,SWBD,536,70599945,Instream,112419,7120570680,"c(-106.604289, 38.8206020000001)",0.7679717213816188
2892,Crawford,Crawford,,Dam,,Iron Creek,,,,United States,,Colorado,,,,1961,-99,GRanD,-99,-99,,Built 1961,49,-99,579,-99,1.158,1.158,1.6,-99,-99,17.2,17.2,-99,-99,14.899999618530273,866,63,1997,197,134,-99,,Main,,,,,,,,,,Irrigation,,,,2: Good,UNH,-107.60495599999996,38.68814000000003,NA,NA,GRanD,SWBD,537,70602513,Instream,112440,7120572610,"c(-107.604956, 38.68814)",0.06370855939141737
2896,,Johnson,,Dam,,Fremont River,,,,United States,,Utah,,,,1910,-99,GRanD,-99,-99,,Built 1910,9,-99,137,-99,2.575,2.575,-99,-99,-99,18.9,18.9,12.8,-99,7.300000190734863,80,749.0999755859375,2690,154,93,-99,,Main,,,,,,,,,,Irrigation,,,,2: Good,UNH,-111.63258699999994,38.61015700000007,NA,NA,GRanD,SWBD,539,70605664,Instream,112449,7120576830,"c(-111.632587, 38.6101570000001)",0.41077723337720984
2902,Morrow Point,Morrow Point,,Dam,,Gunnison River,,,,United States,,Colorado,,,,1967,-99,GRanD,-99,-99,,Built 1967,143,-99,579,-99,1.999,1.999,3.3,-99,-99,52,52,-99,-99,26,54443,3,2192,9453,9518,-99,,Main,Sec,,,Sec,,,,,,Irrigation,,,,2: Good,UNH,-107.53434999999996,38.45153700000003,NA,NA,GRanD,SWBD,542,70608149,Instream,112462,7120578280,"c(-107.53435, 38.451537)",0.30081279411811696
2930,,Gurley,,Dam,,Gurley Canyon,,,,United States,,Colorado,,,,1961,-99,GRanD,-99,-99,,Built 1961,27,-99,732,-99,1.104,1.104,1.4,-99,-99,14.8,14.8,12.4,-99,13.399999618530273,20,2346.5,2518,6,7,-99,,Main,,,,,,,,,,Irrigation,,,http://water.state.co.us/damsafety/dams.asp,2: Good,UNH,-108.24787899999995,38.03458100000006,NA,NA,GRanD,SWBD,553,70617690,Offstream,112552,7120584010,"c(-108.247879, 38.0345810000001)",0.04296907339318013
2951,,Groundhog,,Dam,,Groundhog Creek,,,,United States,,Colorado,,,,1905,-99,GRanD,-99,-99,,Built 1905,41,-99,226,-99,2.296,2.296,2.2,-99,-99,33.9,33.9,25.9,-99,14.800000190734863,165,651.5,2659,36,41,-99,,Main,,,,Sec,,Sec,Sec,,,Irrigation,,,http://water.state.co.us/damsafety/dams.asp,2: Good,UNH,-108.29130699999996,37.79062000000005,NA,NA,GRanD,SWBD,561,70625291,Instream,112591,7120596120,"c(-108.291307, 37.79062)",0.36097188372593586
2972,Electra Lake,Cascade 2,Terminal,Dam,,Offstream Elbert Creek,,,,United States,,Colorado,,,,1902,-99,GRanD,-99,-99,,Built 1902,31,-99,389,-99,2.667,2.667,3.4,-99,-99,36.8,36.8,28.8,-99,13.800000190734863,157,743.29998779296875,2554,30,33,-99,,,Main,,,Sec,,Sec,,,,Hydroelectricity,,,http://water.state.co.us/damsafety/dams.asp,2: Good,UNH,-107.80561699999998,37.54804800000005,NA,NA,GRanD,SWBD,568,70630214,Instream,112633,7121098180,"c(-107.805617, 37.548048)",0.4260230156898761
2974,,Williams Creek,,Dam,,Williams Creek,,,,United States,,Colorado,,,,1958,-99,GRanD,-99,-99,,Built 1958,30,-99,168,-99,1.271,1.271,1.4,-99,-99,17.9,17.9,12.4,-99,14.100000381469727,498,114,2514,96,95,-99,,,,,,Main,,Sec,,,,Recreation,,,http://water.state.co.us/damsafety/dams.asp,2: Good,UNH,-107.22269399999999,37.50394600000004,NA,NA,GRanD,SWBD,570,70632972,Instream,112642,7120602440,"c(-107.222694, 37.503946)",0.10414555055400815
2976,,Narraguinnep,,Dam,,Narraguinnep Canyon,,,,United States,,Colorado,,,,1908,-99,GRanD,-99,-99,,Built 1908,35,-99,2103,-99,2.232,2.232,2.4,-99,-99,28,28,23.4,-99,12.5,73,1216.300048828125,2037,25,25,-99,,Main,,,,Sec,,Sec,,,,Irrigation,,,http://water.state.co.us/damsafety/dams.asp,2: Good,UNH,-108.62778599999996,37.48323700000003,NA,NA,GRanD,SWBD,571,70632196,Instream,112645,7120604160,"c(-108.627786, 37.483237)",0.34869419026554116
2981,Lemon,Lemon,,Dam,,Florida River,,,,United States,,Colorado,,,,1962,-99,GRanD,-99,-99,,Built 1962,87,-99,580,-99,2.263,2.263,2.5,-99,-99,48.1,48.1,-99,-99,21.299999237060547,671,227.3000030517578,2484,171,176,-99,,,,,,,,,,,,,,,,2: Good,UNH,-107.65934299999998,37.38254900000004,NA,NA,GRanD,SWBD,574,70634466,Instream,112664,7121100110,"c(-107.659343, 37.382549)",0.3546845539547286
2982,Vallecito,Vallecito,,Dam,,Los Pinos River,,,,United States,,Colorado,,,,1940,-99,GRanD,-99,-99,,Built 1940,49,-99,582,-99,9.847,9.847,11,-99,-99,154.7,154.7,-99,-99,15.699999809265137,3120,157.1999969482422,2333,667,699,-99,,,,,,,,,,,,,,,,2: Good,UNH,-107.57206399999995,37.37779900000004,NA,NA,GRanD,SWBD,575,70634108,Instream,112666,7120608250,"c(-107.572064, 37.377799)",0.9933039379194745
3004,,Quail Creek,,Dam,,Quail Creek,,,,United States,,Utah,,,,1984,-99,GRanD,-99,-99,,Built 1984,64,-99,273,-99,2.286,2.286,-99,-99,-99,55.6,55.6,49.7,-99,24.299999237060547,567,310.8999938964844,913,206,202,-99,,Main,,,,,,,,,,Irrigation,,,,2: Good,UNH,-113.38220299999995,37.18552900000003,NA,NA,GRanD,SWBD,587,70638523,Instream,112708,7120608100,"c(-113.382203, 37.185529)",0.3590762260592629
3048,Lake Adair,Lake Las Vegas,,Dam,,Las Vegas Wash,,,,United States,,Nevada,,,,1997,-99,GRanD,-99,-99,,Built 1997,59,-99,1463,-99,1.066,1.066,1.3,-99,-99,13.1,13.1,10.6,-99,12.300000190734863,740,56.099998474121094,430,3961,363,-99,,,,,,Main,,,,,,Recreation,,,,2: Good,UNH,-114.91149099999996,36.11878000000007,NA,NA,GRanD,SWBD,608,70666198,Instream,112828,7120633880,"c(-114.911491, 36.1187800000001)",0.027757204690553483
3101,Upper Lake Mary,Upper Lake Mary,,Dam,,Walnut Creek,,,,United States,,Arizona,,,,1941,-99,GRanD,-99,-99,,Built 1941,13,-99,258,-99,2.365,2.365,4.3,-99,-99,26,26,20.4,-99,11,166,496.70001220703125,2078,141,141,-99,,,,Main,,,,,,,,Water supply,,,,2: Good,UNH,-111.53387799999996,35.079620000000034,NA,NA,GRanD,SWBD,617,70693181,Instream,112994,7121121770,"c(-111.533878, 35.07962)",0.3738311450738304
3113,,Cholla Fly Ash Pond,,Dam,,Trib. Little Colorado River,,,,United States,,Arizona,,,,1978,-99,GRanD,-99,-99,,Built 1978,24,-99,1391,-99,1.094,1.094,1.7,-99,-99,22.2,22.2,19,-99,20.299999237060547,7172,9.800000190734863,1528,31177,6,-99,,,,,,,,,,,Main,Other,,,,3: Fair,UNH,-110.29287199999999,34.93266600000004,NA,NA,GRanD,SWBD,618,70697124,Instream,113027,7121123980,"c(-110.292872, 34.932666)",0.039017321997412
3148,,Lyman,,Dam,,Little Colorado River,,,,United States,,Arizona,,,,1912,-99,GRanD,-99,-99,,Built 1912,23,-99,244,-99,2.672,2.672,5.4,-99,-99,54.9,54.9,37.7,-99,20.5,878,198.3000030517578,1817,2069,2046,-99,,Main,,,,,,,,,,Irrigation,,,,2: Good,UNH,-109.38017299999996,34.36842400000006,NA,NA,GRanD,SWBD,627,70711640,Instream,113156,7120671820,"c(-109.380173, 34.3684240000001)",0.4268364538035081
3151,,Copper Basin,,Dam,,Copper Basin,,,,United States,,California,,,,1938,-99,GRanD,-99,-99,,Built 1938,56,-99,81,-99,1.406,1.406,1.7,-99,-99,27.1,27.1,-99,-99,19.299999237060547,12,7161.10009765625,313,20,21,-99,,,,Main,,,Sec,,,,Sec,Water supply,,,http://damsafety.water.ca.gov/,2: Good,UNH,-114.22354599999994,34.28537700000004,NA,NA,GRanD,SWBD,630,70714018,Instream,113169,7120677820,"c(-114.223546, 34.285377)",0.14798532068380513
3162,Horseshoe Lake,Horseshoe,,Dam,,Verde River,,,,United States,,Arizona,,,,1945,-99,GRanD,-99,-99,,Built 1945,59,-99,581,-99,1.378,1.378,11.4,-99,-99,162.2,162.2,-99,-99,117.69999694824219,21492,23.899999618530273,596,14630,14551,-99,,Sec,,Main,,,,,,,,Water supply,,,,3: Fair,UNH,-111.71041699999995,33.98542700000007,NA,NA,GRanD,SWBD,640,70720871,Instream,113221,7121133690,"c(-111.710417, 33.9854270000001)",0.13924921757160696
3165,,Big Lake,,Dam,,Black River,,,,United States,,Arizona,,,,1964,-99,GRanD,-99,-99,,Built 1964,10,-99,148,-99,1.833,1.833,2.1,-99,-99,12.5,12.5,11.5,-99,6.800000190734863,2,10000,2739,8,8,-99,,,,,,Main,,,,,,Recreation,,,,2: Good,UNH,-109.41653399999996,33.887680000000046,NA,NA,GRanD,SWBD,641,70722621,Offstream,113239,7121134640,"c(-109.416534, 33.88768)",0.2631624649622167
3170,Bartlett Lake,Bartlett,,Dam,,Verde River,,,,United States,,Arizona,,,,1938,-99,GRanD,-99,-99,,Built 1938,95,-99,580,-99,4.627,4.627,11.4,-99,-99,219.6,219.6,-99,-99,47.5,22056,31.600000381469727,530,15118,15061,-99,,,,Main,,,,,,,,Water supply,,,,2: Good,UNH,-111.62984399999999,33.81720700000005,NA,NA,GRanD,SWBD,644,70724758,Instream,113258,7120686430,"c(-111.629844, 33.817207)",0.6652994994998971
3183,Apache Lake,Horse Mesa,,Dam,,Salt River,,,,United States,,Arizona,,,,1926,-99,GRanD,-99,-99,,Built 1926,93,-99,579,-99,9,9,10.8,-99,-99,302.3,302.3,-99,-99,33.599998474121094,10745,89.19999694824219,581,15295,544,-99,,,,,,,,,,,,,,,,2: Good,UNH,-111.34328199999999,33.59111100000007,NA,NA,GRanD,SWBD,650,70729938,Instream,113303,7120690240,"c(-111.343282, 33.5911110000001)",0.9542425094393249
3185,Saguaro Lake,Stewart Mountain,,Dam,,Salt River,,,,United States,,Arizona,,,,1929,-99,GRanD,-99,-99,,Built 1929,63,-99,580,-99,4.102,4.102,5.1,-99,-99,84.9,84.9,-99,-99,20.700000762939453,11529,23.399999618530273,465,15999,313,-99,,Main,Sec,Sec,,,,,,,,Irrigation,,,,2: Good,UNH,-111.53229199999998,33.56964900000003,NA,NA,GRanD,SWBD,652,70730619,Instream,113313,7121137290,"c(-111.532292, 33.569649)",0.6129956560323475
3186,Canyon Lake,Mormon Flat,,Dam,,Salt River,,,,United States,,Arizona,,,,1924,-99,GRanD,-99,-99,,Built 1924,68,-99,579,-99,2.381,2.381,3.8,-99,-99,71.4,71.4,-99,-99,30,11193,20.200000762939453,503,15697,311,-99,,,,,,,,,,,,,,,,2: Good,UNH,-111.43958299999997,33.55086300000005,NA,NA,GRanD,SWBD,653,70730529,Instream,113319,7120690680,"c(-111.439583, 33.550863)",0.37675939540487985
5603,,Bor Stateline Summit,,Dam,,East Fork of Smiths Fork,Smiths Fork,,,United States,,Utah,Wyoming,,,1979,-99,GRanD,-99,-99,,Built 1979,39,-99,792,-99,0.694,0.694,-99,-99,-99,17.3,17.3,-99,-99,24.899999618530273,95,577.5,2797,130,108,-99,,Main,,,,,,,,,,Irrigation,,,,2: Good,UNH,-110.38698199999999,40.987986000000035,NA,NA,GRanD,SWBD,448,70546939,Instream,1054893,7120513030,"c(-110.386982, 40.987986)",-0.15864052954514513
5606,Long Park,Long Park,Daggett,Dam,,Sheep Creek,,,,United States,,Utah,,,,1980,-99,GRanD,2001,-99,,Built 1980,34,-99,262,-99,0.738,0.738,1.6,-99,-99,18,18,16.9,-99,24.399999618530273,4,10000,2624,4,5,-99,,Main,,,,,,,,,,Irrigation,,,,2: Good,UNH,-109.86874999999998,40.90949100000006,NA,NA,GRanD,SWBD,452,70544102,Offstream,1055011,7120518050,"c(-109.86875, 40.9094910000001)",-0.13194363817695845
5612,,Upper Bor Stillwater,,Dam,,,,,,United States,,Utah,,,,1987,-99,GRanD,-99,-99,,Built 1987,57,-99,890,-99,0.451,0.451,-99,-99,-99,36.4,36.4,32.8,-99,80.69999694824219,663,174.10000610351562,2467,253,-99,-99,,Main,,,,,,,,,,Irrigation,,,,3: Fair,UNH,-110.70166199999994,40.56175200000007,NA,NA,GRanD,SWBD,470,70554157,Instream,1055468,7121067220,"c(-110.701662, 40.5617520000001)",-0.34582345812203946
5616,,Yamcolo,,Dam,,Bear River,,,,United States,,Colorado,,,,1980,-99,GRanD,-99,-99,,Built 1980,34,-99,579,-99,0.738,0.738,0.8,-99,-99,15,15,11.8,-99,20.299999237060547,267,178.10000610351562,2923,95,73,-99,,Main,,Sec,,,,,,,,Irrigation,,,http://water.state.co.us/damsafety/dams.asp,2: Good,UNH,-107.04798899999997,40.05581200000006,NA,NA,GRanD,SWBD,496,70567480,Instream,1055975,7120536780,"c(-107.047989, 40.0558120000001)",-0.13194363817695845
5628,Paonia,Paonia,,Dam,,,,,,United States,,Colorado,,,,1961,-99,GRanD,-99,-99,,Built 1961,61,-99,580,-99,0.817,0.817,1.3,-99,-99,20.4,20.4,-99,-99,25,3694,17.5,1965,663,660,-99,,Main,,,Sec,Sec,,,,,,Irrigation,,,,2: Good,UNH,-107.35088899999994,38.94235100000003,NA,NA,GRanD,SWBD,531,70595865,Instream,1057278,7120566510,"c(-107.350889, 38.942351)",-0.08777794346758454
5633,Gould,Onion Valley,,Dam,,Iron Creek,,,,United States,,Colorado,,,,1954,-99,GRanD,-99,-99,,Built 1954,34,-99,124,-99,0.622,0.622,1.4,-99,-99,12.8,12.8,11.1,-99,20.600000381469727,242,167.6999969482422,2226,56,58,-99,,Main,,,,,,,,,,Irrigation,,,http://water.state.co.us/damsafety/dams.asp,2: Good,UNH,-107.58854899999994,38.602746000000025,NA,NA,GRanD,SWBD,540,70604187,Instream,1057614,7120572610,"c(-107.588549, 38.602746)",-0.2062096153091813
5636,Silver Jack,Silver Jack,,Dam,,East Fork of Cimarron River,Cimarron River,,,United States,,Colorado,,,,1970,-99,GRanD,-99,-99,,Built 1970,53,-99,580,-99,0.801,0.801,1.2,-99,-99,15.8,15.8,-99,-99,19.700000762939453,752,66.5999984741211,2719,156,174,-99,,Main,,,,,,,,,,Irrigation,,,,2: Good,UNH,-107.54038699999995,38.23023800000004,NA,NA,GRanD,SWBD,549,70613482,Instream,1058018,7121090360,"c(-107.540387, 38.230238)",-0.09636748391576232
5646,,Recapture Creek,,Dam,,Recapture Creek,,,,United States,,Utah,,,,1984,-99,GRanD,-99,-99,,Built 1984,43,-99,884,-99,0.492,0.492,-99,-99,-99,19.7,19.7,11.5,-99,40,128,488,1838,166,158,-99,,Main,,,,,,,,,,Irrigation,,,,2: Good,UNH,-109.43729099999996,37.66221100000007,NA,NA,GRanD,SWBD,565,70628171,Instream,1058721,7121097700,"c(-109.437291, 37.6622110000001)",-0.30803489723263966
5650,Jackson Gulch,Jackson Gulch,,Dam,,Offstream West Mancos River,,,,United States,,Colorado,,,,1948,-99,GRanD,-99,-99,,Built 1948,55,-99,581,-99,0.748,0.748,0.9,-99,-99,12.3,12.3,-99,-99,16.399999618530273,7,5571.89990234375,2383,4,109,-99,,Main,,Sec,,Sec,,,,,,Irrigation,,,,2: Good,UNH,-108.27331699999996,37.39948700000008,NA,NA,GRanD,SWBD,572,70634680,Offstream,1058999,7120604800,"c(-108.273317, 37.3994870000001)",-0.12609840213553863
5653,,Gunlock,,Dam,,Santa Clara River,,,,United States,,Utah,,,,1970,-99,GRanD,-99,-99,,Built 1970,36,-99,427,-99,0.695,0.695,1.1,-99,-99,18.5,18.5,13.4,-99,26.600000381469727,1955,30,1093,796,793,-99,,Sec,Main,,,Sec,,,,,,Hydroelectricity,,,http://www.ferc.gov/industries/hydropower/safety.asp,2: Good,UNH,-113.77702999999997,37.252699000000064,NA,NA,GRanD,SWBD,582,70636879,Instream,1059159,7121100800,"c(-113.77703, 37.2526990000001)",-0.15801519540988615
5669,Blue Ridge Reservoir,Blue Ridge,,Dam,,East Clear Creek,,,,United States,,Arizona,,,,1964,-99,GRanD,-99,-99,,Built 1964,52,-99,150,-99,0.917,0.917,1.1,-99,-99,18.5,18.5,-99,-99,20.200000762939453,197,297.79998779296875,2058,182,184,-99,,,Main,Sec,,,,,,,,Hydroelectricity,,,http://www.ferc.gov/industries/hydropower/safety.asp,3: Fair,UNH,-111.18645799999996,34.55288900000005,NA,NA,GRanD,McGill,623,70706385,Instream,1061488,7121127650,"c(-111.186458, 34.552889)",-0.03763066432997889
5689,Senator Wash,Senator Wash,,Dam,,Senator Wash,,,,United States,,California,,,,1965,-99,GRanD,-99,-99,,Built 1965,29,-99,581,-99,0.936,0.936,1.9,-99,-99,13.2,13.2,-99,-99,14.100000381469727,13,3219.800048828125,68,57,54,-99,,,Main,,,,,,,,Sec,Hydroelectricity,,,,2: Good,UNH,-114.48118099999999,32.90664000000004,NA,NA,GRanD,SWBD,663,70745121,Instream,1063487,7121143430,"c(-114.481181, 32.90664)",-0.028724151261894745
7142,Lake Nighthorse,Ridges Basin,,Dam,,Animas,,Colorado,,United States,,Colorado,,Durango,,2007,-99,GRanD,-99,-99,,Built 2007,83,-99,-99,-99,5.606,5.606,-99,-99,-99,148,-99,148,-99,26.399999618530273,58,8091.5,2055,47,-99,-99,,Sec,,Main,,,,Sec,,,,Water supply,,Reservoir is filled by pumped storage from Animas river,https://en.wikipedia.org/wiki/Lake_Nighthorse,2: Good,McGill-PB,-107.89653794699996,37.219426105000025,NA,NA,GRanD,JRC-GSW,7214,70638314,Instream,1428002,7121101170,"c(-107.896537947, 37.219426105)",0.7486530934242673
7455,,,,Dam,,,,,,United States,,Arizona,,,,-99,-99,,-99,-99,,Unknown year,-99,-99,-99,-99,11.18,11.18,-99,-99,-99,201.9,-99,-99,-99,18.100000381469727,9118,70.19999694824219,341,11967,-99,-99,Capacity from statistics - Eq 2,,,,,,,,,,,,,,,3: Fair,McGill-MA,-113.59699999999998,34.23685700000004,NA,NA,GOODD,SWBD,0,70714244,Instream,9397,7121131080,"c(-113.597, 34.236857)",1.0484418035504044
7457,,,,Dam,,,,,,Mexico,,Baja California,,,,-99,-99,,-99,-99,,Unknown year,-99,-99,-99,-99,17.899,17.899,-99,-99,-99,332.3,-99,-99,-99,18.600000381469727,247,4266.10009765625,9,1073,-99,-99,Capacity from statistics - Eq 2,,,,,,,,,,,,,,,3: Fair,McGill-MA,-115.28430799999995,32.37804300000005,NA,NA,GOODD,SWBD,0,70756472,Instream,9476,7121148730,"c(-115.284308, 32.378043)",1.2528287680405923
7863,,OAKS PARK,,Dam,,BIG BRUSH CREEK,,,,United States,,Utah,UINTAH,,,1938,-99,NID,-99,-99,,Built 1938,17,-99,338,-99,1.495,1.495,-99,-99,-99,11.2,11.2,7.6,-99,7.5,26,1366,2830,30,31,-99,NID data,Main,,,,,,,,,,Irrigation,,,,3: Fair,McGill-MA,-109.62213199999997,40.74503600000003,NA,NA,GOODD-NID,SWBD,0,70550117,Instream,111991,7121065850,"c(-109.622132, 40.745036)",0.17464119266044847
7875,,LAKE CATAMOUNT,PLEASANT VALLEY,Dam,,YAMPA RIVER,,,,United States,,Colorado,ROUTT,STEAMBOAT SPRINGS,,1974,-99,NID,-99,-99,,Built 1974,21,-99,122,-99,1.934,1.934,2.278,-99,-99,19.6,19.6,9.2,-99,10.100000381469727,1456,42.70000076293945,2103,999,1010,-99,NID data,,,Main,,,,,,,,Water supply,,,,3: Fair,McGill-MA,-106.80093599999998,40.36272800000006,NA,NA,GOODD-NID,SWBD,0,70559250,Instream,112095,7120530590,"c(-106.800936, 40.3627280000001)",0.28645646974698286
7878,,CURRANT CREEK,,Dam,,CURRENT CREEK,,,,United States,,Utah,WASATCH,FRUITLAND,,1975,-99,NID,-99,-99,,Built 1975,54,-99,488,-99,1.001,1.001,1.174,-99,-99,21.2,21.2,19.3,-99,21.200000762939453,463,145.1999969482422,2343,123,122,-99,NID data,Multi,,Multi,,Multi,,Multi,,,,Multipurpose,,,,3: Fair,McGill-MA,-111.05255999999997,40.33475100000004,NA,NA,GOODD-NID,SWBD,0,70560798,Instream,112105,7121069030,"c(-111.05256, 40.334751)",4.340774793185929e-4
7901,,FRUITGROWERS,,Dam,,ALFALFA RUN CREEK,,,,United States,,Colorado,DELTA,AUSTIN,,1938,-99,NID,-99,-99,,Built 1938,17,-99,463,-99,1.328,1.328,1.926,-99,-99,9.3,9.3,5.6,-99,7,93,317.1000061035156,1676,25,31,-99,NID data,Main,,,,,,,,,,Irrigation,,,,3: Fair,McGill-MA,-107.95182399999999,38.82712200000003,NA,NA,GOODD-NID,SWBD,0,70599941,Instream,112417,7120571100,"c(-107.951824, 38.827122)",0.12319807503199871
7907,,RIDGWAY,,Dam,,UMCOMPAHGRE RIVER,,,,United States,,Colorado,OURAY,COLONA,,1986,-99,NID,-99,-99,,Built 1986,101,-99,751,-99,3.706,3.706,4.31,-99,-99,110.1,110.1,104.1,-99,29.700000762939453,3004,116.19999694824219,2096,664,686,-99,NID data,Multi,,Multi,Multi,Multi,,,,,,Multipurpose,,,,3: Fair,McGill-MA,-107.75353299999995,38.234388000000024,NA,NA,GOODD-NID,SWBD,0,70614402,Instream,112503,7120583680,"c(-107.753533, 38.234388)",0.5689054149828787
7908,,MIRAMONTE,,Dam,,WEST NATURITA CREEK,,,,United States,,Colorado,SAN MIGUEL,NORWOOD,,1978,-99,NID,-99,-99,,Built 1978,27,-99,189,-99,1.657,1.657,1.659,-99,-99,14.3,14.3,8.5,-99,8.600000381469727,403,112.5,2349,98,93,-99,NID data,,,,,Multi,,Multi,,,,Multipurpose,,,,3: Fair,McGill-MA,-108.33303599999999,37.973786000000075,NA,NA,GOODD-NID,SWBD,0,70619652,Instream,112567,7121093110,"c(-108.333036, 37.9737860000001)",0.21932250841933676
7912,,SUMMIT - MAIN DAM,SUMMIT,Dam,,LOST CANYON CREEK-TR,,,,United States,,Colorado,MONTEZUMA,DOLORES,,1905,-99,NID,-99,-99,,Built 1905,13,-99,2216,-99,1.306,1.306,1.627,-99,-99,8.7,8.7,7.3,-99,6.699999809265137,9,3065.300048828125,2251,4,5,-99,NID data,Multi,,,,Multi,,Multi,,,,Multipurpose,,,,3: Fair,McGill-MA,-108.38796961499997,37.41461983900007,NA,NA,GOODD-NID,JRC-GSW,0,70633629,Offstream,112659,7121099350,"c(-108.387969615, 37.4146198390001)",0.11594317693905513
7924,,,,Dam,,,,,,United States,,New Mexico,,,,-99,-99,,-99,-99,,Unknown year,-99,-99,-99,-99,4.975,4.975,-99,-99,-99,85.7,-99,-99,-99,17.200000762939453,11,10000,1625,20,-99,-99,Capacity from statistics - Eq 2,,,,,,,,,,,,,,,3: Fair,McGill-MA,-108.48776961399994,36.69628107300008,NA,NA,GOODD,JRC-GSW,0,70650589,Instream,112768,7120618770,"c(-108.487769614, 36.6962810730001)",0.6967930850817442
7949,,TREMAINE RESERVOIR,HAY LAKE,Dam,,JACKS CANYON TRIB.,,,,United States,,Arizona,COCONINO,TWO GUNS,,1952,-99,NID,-99,-99,,Built 1952,9,-99,590,-99,1.784,1.784,1.072,-99,-99,9.9,9.9,6.8,-99,5.5,41,765.70001220703125,2048,46,44,-99,NID data,Multi,,,,,,Multi,,,Multi,Multipurpose,,,,3: Fair,McGill-MA,-111.21370699999994,34.76181400000007,NA,NA,GOODD-NID,SWBD,0,70701383,Instream,113062,7120666450,"c(-111.213707, 34.7618140000001)",0.25139485004010426
7978,,,,Dam,,,,,,United States,,New Mexico,,,,-99,-99,,-99,-99,,Unknown year,-99,-99,-99,-99,1.1,1.1,-99,-99,-99,17.3,-99,-99,-99,15.699999809265137,10,5485.7998046875,1696,17,-99,-99,Capacity from statistics - Eq 2,,,,,,,,,,,,,,,3: Fair,McGill-MA,-108.40520799999996,32.70756400000005,NA,NA,GOODD,SWBD,0,70749223,Instream,113575,7121145200,"c(-108.405208, 32.707564)",0.04139268515822508
7990,,SIERRITA,,Dam,,,,,,United States,,Arizona,PIMA,GREEN VALLEY,,-99,-99,,-99,-99,,Unknown year,107,-99,2743,-99,4.413,4.413,-99,-99,-99,181.6,1227.4,-99,-99,41.20000076293945,3,10000,1031,7,-99,-99,NID data; Capacity from statistics - Eq 1,,,,,,,,Main,,Sec,Pollution control,,,,3: Fair,McGill-MA,-111.04282199999994,31.837168975000054,NA,NA,GOODD-NID,JRC-GSW,0,70767207,Offstream,113718,7120726570,"c(-111.042822, 31.8371689750001)",0.6447339274471926
11075,,JIM BRIDGER POWER PLANT SURGE POND,ENL OF 7531R,Dam,,HUMPHREY DRAW,,,,United States,,Wyoming,SWEETWATER,POINT OF ROCKS,,1989,-99,NID,1989,-99,,Built 1989,30,-99,247,-99,0.356,0.356,0.388,-99,-99,2.7,2.7,2,-99,7.599999904632568,16,535.0999755859375,2033,8,9,-99,NID data,,,Multi,,,,,,,Multi,Multipurpose,,,,3: Fair,McGill-MA,-108.78244642499999,41.72975026900008,NA,NA,GOODD-NID,JRC-GSW,0,70522952,Offstream,1053166,7120498400,"c(-108.782446425, 41.7297502690001)",-0.44855000202712486
11159,,LESTER CREEK,PEARL LAKE,Dam,,LESTER CREEK,,,,United States,,Colorado,ROUTT,MILNER,,1962,-99,NID,2009,-99,,Built 1962,34,-99,160,-99,0.666,0.666,0.672,-99,-99,8.3,8.3,6.9,-99,12.5,77,341.79998779296875,2462,36,10,-99,NID data,,,,,Main,,,,,,Recreation,,,,3: Fair,McGill-MA,-106.88818499999996,40.78126800000007,NA,NA,GOODD-NID,SWBD,0,70548849,Instream,1055175,7120522150,"c(-106.888185, 40.7812680000001)",-0.17652577082969892
11194,,FISH CREEK,,Dam,,MIDDLE FORK FISH CREEK,,,,United States,,Colorado,ROUTT,STEAMBOAT SPRINGS,,1954,-99,NID,-99,-99,,Built 1954,27,-99,265,-99,0.471,0.471,0.55,-99,-99,6.6,6.6,5.1,-99,14,24,872,3016,13,10,-99,NID data,,,Main,,,,,,,,Water supply,,,,3: Fair,McGill-MA,-106.70478899999995,40.49366200000003,NA,NA,GOODD-NID,SWBD,0,70555737,Instream,1055545,7121067340,"c(-106.704789, 40.493662)",-0.3269790928711038
11212,,COTTONWOOD,,Dam,,TRIB. TO UINTA RIVER,,,,United States,,Utah,UINTAH,GUSHER,,1982,-99,NID,-99,-99,,Built 1982,23,-99,991,-99,0.765,0.765,-99,-99,-99,8.9,8.9,7.7,-99,11.600000381469727,14,2015.800048828125,1600,17,5,-99,NID data,Main,,,,,,,,,,Irrigation,,,,3: Fair,McGill-MA,-109.78963199999998,40.35264600000005,NA,NA,GOODD-NID,SWBD,0,70560805,Instream,1055666,7120534540,"c(-109.789632, 40.352646)",-0.11633856484638239
11214,,WHITELEY PEAK,DIAMOND CREEK,Dam,,DIAMOND CR,,,,United States,,Colorado,GRAND,KREMMLING,,1941,-99,NID,-99,-99,,Built 1941,19,-99,236,-99,0.143,0.143,0.186,-99,-99,1.4,1.4,1,-99,9.800000190734863,98,45.29999923706055,2452,45,44,-99,NID data,Multi,,Multi,,,,,,,Multi,Multipurpose,,,,3: Fair,McGill-MA,-106.51723599999997,40.32823500000006,NA,NA,GOODD-NID,SWBD,0,70560606,Instream,1055696,7121068980,"c(-106.517236, 40.3282350000001)",-0.8446639625349383
11216,,RED CREEK (DUCHESNE),,Dam,,RED CREEK,,,,United States,,Utah,DUCHESNE,FRUITLAND,,1960,-99,NID,1964,-99,,Built 1960,33,-99,533,-99,0.407,0.407,-99,-99,-99,8.1,8.1,7.1,-99,19.899999618530273,249,103.19999694824219,2201,102,57,-99,NID data,Main,,,,,,,,,,Irrigation,,,,3: Fair,McGill-MA,-110.85192499999994,40.306714000000056,NA,NA,GOODD-NID,SWBD,0,70560799,Instream,1055714,7121069670,"c(-110.851925, 40.3067140000001)",-0.39040559077478
11231,,SHERIFF,,Dam,,TROUT CREEK,,,,United States,,Colorado,RIO BLANCO,MILNER,,1955,-99,NID,1965,-99,,Built 1955,22,-99,192,-99,0.167,0.167,0.162,-99,-99,1.8,1.8,1.2,-99,10.800000190734863,82,69.5999984741211,2972,33,31,-99,NID data,Multi,,Multi,,,,,,,,Multipurpose,,,,3: Fair,McGill-MA,-107.13623699999994,40.147230000000036,NA,NA,GOODD-NID,SWBD,0,70564873,Instream,1055859,7120530320,"c(-107.136237, 40.14723)",-0.7772835288524167
11238,,MEADOW CREEK,,Dam,,MEADOW CREEK,,,,United States,,Colorado,GRAND,TABERNASH,,1974,-99,NID,-99,-99,,Built 1974,38,-99,453,-99,0.507,0.507,0.688,-99,-99,9.3,9.3,6.6,-99,18.299999237060547,66,446.79998779296875,3050,18,18,-99,NID data,,,Main,,,,,,,,Water supply,,,,3: Fair,McGill-MA,-105.75106099999999,40.05299000000008,NA,NA,GOODD-NID,SWBD,0,70569045,Instream,1055976,7120541790,"c(-105.751061, 40.0529900000001)",-0.294992040666664
11242,,STILLWATER #1,,Dam,,BEAR RIVER,,,,United States,,Colorado,GARFIELD,YAMPA,,1939,-99,NID,-99,-99,,Built 1939,27,-99,457,-99,0.413,0.413,0.522,-99,-99,9.1,9.1,7.5,-99,22,77,374.79998779296875,3134,25,21,-99,NID data,Main,,,,,,,,,,Irrigation,,,,3: Fair,McGill-MA,-107.12431199999997,40.02561300000008,NA,NA,GOODD-NID,SWBD,0,70568603,Instream,1056000,7120536780,"c(-107.124312, 40.0256130000001)",-0.384049948343599
11243,,GRIMES BROOKS,,Dam,,RED DIRT CREEK-TR,,,,United States,,Colorado,ROUTT,MC COY,,1903,-99,NID,-99,-99,,Built 1903,11,-99,207,-99,0.165,0.165,0.194,-99,-99,0.9,0.9,0.5,-99,5.5,12,237.8000030517578,2891,3,3,-99,NID data,Main,,,,,,,,,,Irrigation,,,,3: Fair,McGill-MA,-106.81603231699995,39.99098802000003,NA,NA,GOODD-NID,JRC-GSW,0,70570138,Offstream,1056031,7120543540,"c(-106.816032317, 39.99098802)",-0.7825160557860937
11245,,BIG BEAVER,LAKE AVERY,Dam,,BIG BEAVER CREEK,,,,United States,,Colorado,RIO BLANCO,MEEKER,,1964,-99,NID,-99,-99,,Built 1964,31,-99,189,-99,0.862,0.862,1.064,-99,-99,12,12,9.4,-99,13.899999618530273,265,143.60000610351562,2138,86,54,-99,NID data,,,,,,,Main,,,,Fisheries,,,,3: Fair,McGill-MA,-107.64791699999995,39.97708300000005,NA,NA,GOODD-NID,SWBD,0,70569729,Instream,1056044,7120542790,"c(-107.647917, 39.977083)",-0.06449273417528721
11259,,EAST BRANCH,,Dam,,UTE CREEK-TR,,,,United States,,Colorado,GRAND,PARSHALL,,1971,-99,NID,-99,-99,,Built 1971,46,-99,262,-99,0.216,0.216,0.275,-99,-99,3.7,3.7,2.5,-99,17.100000381469727,35,335.20001220703125,2756,6,5,-99,NID data,,,Main,,,,,,,,Water supply,,,,3: Fair,McGill-MA,-106.08061822399998,39.842585685000074,NA,NA,GOODD-NID,JRC-GSW,0,70572407,Offstream,1056193,7121073410,"c(-106.080618224, 39.8425856850001)",-0.6655462488490691
11280,,GRASS VALLEY,"HARVEY GAP, ANTLER",Dam,,HARVEY GAP,,,,United States,,Colorado,GARFIELD,SILT,,1892,-99,NID,-99,-99,,Built 1892,19,-99,244,-99,0.811,0.811,1.295,-99,-99,7.5,7.5,6.2,-99,9.199999809265137,17,1399,1955,4,5,-99,NID data,Main,,,,,,,,,,Irrigation,,,,3: Fair,McGill-MA,-107.66033880099997,39.60742974600004,NA,NA,GOODD-NID,JRC-GSW,0,70580604,Offstream,1056481,7120552240,"c(-107.660338801, 39.607429746)",-0.09097914578884395
11283,,HUNTINGTON,,Dam,,SPRING CREEK,,,,United States,,Utah,SANPETE,HUNTINGTON,,1949,-99,NID,-99,-99,,Built 1949,17,-99,488,-99,0.526,0.526,-99,-99,-99,7.9,7.9,6.9,-99,15,30,835,2754,12,10,-99,NID data,Main,,,,,,,,,,Irrigation,,,,3: Fair,McGill-MA,-111.26193999999998,39.586857000000066,NA,NA,GOODD-NID,SWBD,0,70580497,Instream,1056509,7120553230,"c(-111.26194, 39.5868570000001)",-0.27901425584626094
11284,,CLEVELAND,,Dam,,SPRING CREEK,,,,United States,,Utah,EMERY,HUNTINGTON,,1909,-99,NID,-99,-99,,Built 1909,19,-99,335,-99,0.567,0.567,-99,-99,-99,7.4,7.4,6.6,-99,13.100000381469727,10,2346.5,2689,4,23,-99,NID data,Main,,,,,,,,,,Irrigation,,,,3: Fair,McGill-MA,-111.23936706799998,39.578348719000076,NA,NA,GOODD-NID,JRC-GSW,0,70580497,Offstream,1056519,7120553230,"c(-111.239367068, 39.5783487190001)",-0.24641694110709345
11293,,CLINTON GULCH,,Dam,,TENMILE CREEK,,,,United States,,Colorado,SUMMIT,FRISCO,,1977,-99,NID,-99,-99,,Built 1977,53,-99,472,-99,0.338,0.338,0.384,-99,-99,7.3,7.3,5.4,-99,21.600000381469727,44,526.0999755859375,3374,12,10,-99,NID data,,,Multi,,Multi,,,,,,Multipurpose,,,,3: Fair,McGill-MA,-106.17291699999998,39.41367500000007,NA,NA,GOODD-NID,SWBD,0,70583937,Instream,1056698,7121077930,"c(-106.172917, 39.4136750000001)",-0.47108329972234525
11314,,UPPER HIGHLINE,HIGHLINE LAKE,Dam,,MACK WASH-TR,,,,United States,,Colorado,MESA,MACK,,1967,-99,NID,-99,-99,,Built 1967,30,-99,439,-99,0.509,0.509,0.627,-99,-99,8.8,8.8,4.2,-99,17.299999237060547,95,293.70001220703125,1432,37,34,-99,NID data,,,,,Main,,,,,,Recreation,,,,3: Fair,McGill-MA,-108.84299899999996,39.26998800000007,NA,NA,GOODD-NID,SWBD,0,70588700,Instream,1056889,7120560090,"c(-108.842999, 39.2699880000001)",-0.29328221766324125
11317,,WILDCAT,,Dam,,WILDCAT CREEK,,,,United States,,Colorado,PITKIN,BASALT,,1953,-99,NID,-99,-99,,Built 1953,29,-99,341,-99,0.199,0.199,0.202,-99,-99,1.9,1.9,1.4,-99,9.5,29,207.8000030517578,2500,5,5,-99,NID data,,,,,Main,,,,,,Recreation,,,,3: Fair,McGill-MA,-106.95143776399999,39.242464340000026,NA,NA,GOODD-NID,JRC-GSW,0,70589254,Offstream,1056917,7121080350,"c(-106.951437764, 39.24246434)",-0.7011469235902933
11326,,JERRY CREEK DIKE 1,DIKE 1,Dam,,JERRY GULCH,,,,United States,,Colorado,MESA,GRAND JUNCTION,,1978,-99,NID,2009,-99,,Built 1978,12,-99,166,-99,0.716,0.716,0.769,-99,-99,7.3,7.3,6.1,-99,10.199999809265137,96,241.10000610351562,1658,23,21,-99,NID data,,,Main,,,,,,,,Water supply,,,,3: Fair,McGill-MA,-108.09933877599997,39.19554398200006,NA,NA,GOODD-NID,JRC-GSW,0,70589551,Instream,1056971,7121081070,"c(-108.099338776, 39.1955439820001)",-0.14508697769214446
11328,,JERRY CREEK #1,,Dam,,PLATEAU CREEK-TR,,,,United States,,Colorado,MESA,GRAND JUNCTION,,1964,-99,NID,2008,-99,,Built 1964,17,-99,95,-99,0.224,0.224,0.304,-99,-99,1.9,1.9,1.3,-99,8.5,5,1205,1654,1,-99,-99,NID data,,,Main,,,,,,,,Water supply,,,,3: Fair,McGill-MA,-108.11722715299999,39.19144255600003,NA,NA,GOODD-NID,JRC-GSW,0,70589645,Offstream,1056977,7121081070,"c(-108.117227153, 39.191442556)",-0.6497519816658371
11359,,JUNIATA,,Dam,,KANNAH CREEK-TR,,,,United States,,Colorado,MESA,WHITEWATER,,1979,-99,NID,-99,-99,,Built 1979,34,-99,610,-99,0.519,0.519,0.607,-99,-99,10,10,9,-99,19.299999237060547,12,2642.5,1756,4,5,-99,NID data,,,Multi,,Multi,,Multi,,,,Multipurpose,,,,3: Fair,McGill-MA,-108.28008537499994,38.97092426700004,NA,NA,GOODD-NID,JRC-GSW,0,70595952,Offstream,1057247,7120566630,"c(-108.280085375, 38.970924267)",-0.28483264215154214
11373,,SPRING CREEK,,Dam,,TAYLOR RIVER TR & SP-TR,,,,United States,,Colorado,GUNNISON,GUNNISON,,1961,-99,NID,-99,-99,,Built 1961,23,-99,174,-99,0.189,0.189,0.36,-99,-99,2.8,2.8,2,-99,14.800000190734863,335,26.5,3028,50,52,-99,NID data,,,,,Multi,,Multi,,,,Multipurpose,,,,3: Fair,McGill-MA,-106.70779199999998,38.86199700000003,NA,NA,GOODD-NID,SWBD,0,70598056,Instream,1057385,7120571930,"c(-106.707792, 38.861997)",-0.7235381958267558
11424,,FORSYTH,,Dam,,U M CREEK,,,,United States,,Utah,SEVIER,FREMONT,,1922,-99,NID,1999,-99,,Built 1922,20,-99,108,-99,0.547,0.547,-99,-99,-99,7,7,4.5,-99,12.800000190734863,103,215.5,2438,200,191,-99,NID data,Main,,,,,,,,,,Irrigation,,,,3: Fair,McGill-MA,-111.53079799999995,38.51875000000007,NA,NA,GOODD-NID,SWBD,0,70606365,Instream,1057685,7120576950,"c(-111.530798, 38.5187500000001)",-0.2620126736665692
11427,,MILL MEADOW,,Dam,,FREMONT RIVER,,,,United States,,Utah,WAYNE,FREMONT,,1954,-99,NID,-99,-99,,Built 1954,35,-99,213,-99,0.464,0.464,-99,-99,-99,8.5,8.5,6.5,-99,18.299999237060547,235,114.69999694824219,2343,471,461,-99,NID data,Main,,,,,,,,,,Irrigation,,,,3: Fair,McGill-MA,-111.56838299999998,38.49533100000008,NA,NA,GOODD-NID,SWBD,0,70607167,Instream,1057704,7120579750,"c(-111.568383, 38.4953310000001)",-0.3334820194451191
11444,,VOUGA,,Dam,,RAZOR CREEK,,,,United States,,Colorado,SAGUACHE,GUNNISON,,1978,-99,NID,-99,-99,,Built 1978,18,-99,364,-99,0.133,0.133,0.202,-99,-99,1.8,1.8,1.1,-99,13.5,409,14,2612,94,83,-99,NID data,Main,,,,,,,,,,Irrigation,,,,3: Fair,McGill-MA,-106.66324099999997,38.35471200000006,NA,NA,GOODD-NID,SWBD,0,70612518,Instream,1057884,7120578160,"c(-106.663241, 38.3547120000001)",-0.8761483590329142
11445,,NEEDLE CREEK,,Dam,,NEEDLE CREEK,,,,United States,,Colorado,SAGUACHE,GUNNISON,,1961,-99,NID,-99,-99,,Built 1961,27,-99,201,-99,0.113,0.113,0.17,-99,-99,1.6,1.6,1.3,-99,14.199999809265137,121,41.900001525878906,2701,30,26,-99,NID data,Multi,,,,,,,,,Multi,Multipurpose,,,,3: Fair,McGill-MA,-106.55701299999998,38.35165100000006,NA,NA,GOODD-NID,SWBD,0,70610566,Instream,1057888,7120578480,"c(-106.557013, 38.3516510000001)",-0.9469215565165803
11485,,EAGLE VALLEY RES,,Dam,,MEADOW VALLEY WASH,,,,United States,,Nevada,LINCOLN,URSINE,,1965,-99,NID,-99,-99,,Built 1965,22,-99,183,-99,0.193,0.193,0.243,-99,-99,1,1,1,-99,5.199999809265137,243,13,1782,731,738,-99,NID data,,,,,Multi,,Multi,,,,Multipurpose,,,,3: Fair,McGill-MA,-114.19791699999996,38.02330000000006,NA,NA,GOODD-NID,SWBD,0,70619301,Instream,1058347,7121093050,"c(-114.197917, 38.0233000000001)",-0.7144426909922262
11514,,LOYD`S LAKE(MONTICELLO),,Dam,,SO. CREEK & POLE CREEK,,,,United States,,Utah,SAN JUAN,MONTICELLO,,1984,-99,NID,-99,-99,,Built 1984,41,-99,457,-99,0.256,0.256,-99,-99,-99,5.3,5.3,4.3,-99,20.700000762939453,37,454.20001220703125,2181,38,34,-99,NID data,Main,,,,,,,,,,Irrigation,,,,3: Fair,McGill-MA,-109.36156999999997,37.85262800000004,NA,NA,GOODD-NID,SWBD,0,70623090,Instream,1058525,7121094890,"c(-109.36157, 37.852628)",-0.5917600346881504
11521,,WIDE HOLLOW,,Dam,,ESCALANTE RIVER--OFFSTREAM,,,,United States,,Utah,GARFIELD,ESCALANTE,,1954,-99,NID,-99,-99,,Built 1954,16,-99,701,-99,0.383,0.383,-99,-99,-99,4.6,4.6,3.4,-99,12,10,1458.699951171875,1808,27,26,-99,NID data,Main,,,,,,,,,,Irrigation,,,,3: Fair,McGill-MA,-111.63901799999996,37.78637400000008,NA,NA,GOODD-NID,SWBD,0,70624321,Instream,1058585,7120594930,"c(-111.639018, 37.7863740000001)",-0.41680122603137726
11553,,KOLOB CREEK,,Dam,,KOLOB CREEK,,,,United States,,Utah,WASHINGTON,VIRGIN,,1956,-99,NID,-99,-99,,Built 1956,19,-99,209,-99,0.969,0.969,-99,-99,-99,8.9,8.9,6.9,-99,9.199999809265137,61,462.70001220703125,2480,21,21,-99,NID data,Main,,,,,,,,,,Irrigation,,,,3: Fair,McGill-MA,-113.04859299999998,37.43265500000007,NA,NA,GOODD-NID,SWBD,0,70633450,Instream,1058964,7120604580,"c(-113.048593, 37.4326550000001)",-0.013676222949234686
11559,,BLUE SPRINGS,,Dam,,BLUE SPRINGS CREEK-BEAR CREEK,,,,United States,,Utah,WASHINGTON,ZION NATIONAL PARK,,1957,-99,NID,-99,-99,,Built 1957,9,-99,99,-99,0.165,0.165,-99,-99,-99,0.6,0.6,0.3,-99,3.5999999046325684,11,173,2423,4,3,-99,NID data,,,,,Main,,,,,,Recreation,,,,3: Fair,McGill-MA,-113.04567618999994,37.399102381000034,NA,NA,GOODD-NID,JRC-GSW,0,70633450,Offstream,1058998,7120604580,"c(-113.04567619, 37.399102381)",-0.7825160557860937
11564,,BAKER,,Dam,,SANTA CLARA CREEK,,,,United States,,Utah,WASHINGTON,VEYO,,1950,-99,NID,1967,-99,,Built 1950,20,-99,208,-99,0.118,0.118,-99,-99,-99,1.9,1.9,1.4,-99,16.100000381469727,797,7.599999904632568,1487,288,282,-99,NID data,Main,,,,,,,,,,Irrigation,,,,3: Fair,McGill-MA,-113.63924699999995,37.37776100000008,NA,NA,GOODD-NID,SWBD,0,70634270,Instream,1059024,7120604380,"c(-113.639247, 37.3777610000001)",-0.9281179926938746
11568,,HATCHER,,Dam,,MARTINEZ CREEK-TR,,,,United States,,Colorado,ARCHULETA,PAGOSA SPRINGS,,1965,-99,NID,-99,-99,,Built 1965,16,-99,243,-99,0.505,0.505,0.538,-99,-99,3.1,3.1,2.1,-99,6.099999904632568,32,307.20001220703125,2358,7,8,-99,NID data,,,Multi,,Multi,,Multi,,,,Multipurpose,,,,3: Fair,McGill-MA,-107.11072187999997,37.31462899700006,NA,NA,GOODD-NID,JRC-GSW,0,70635684,Offstream,1059078,7121100420,"c(-107.11072188, 37.3146289970001)",-0.2967086218813386
11573,,JOHNSON,LAKE DURANGO,Dam,,COAL GULCH-TR,,,,United States,,Colorado,LA PLATA,DURANGO,,1982,-99,NID,-99,-99,,Built 1982,17,-99,305,-99,0.19,0.19,0.223,-99,-99,1.6,1.6,1.3,-99,8.399999618530273,1,5073.60009765625,2236,1,-99,-99,NID data,,,Main,,,,,,,,Water supply,,,,3: Fair,McGill-MA,-107.97074958799999,37.25837523300004,NA,NA,GOODD-NID,JRC-GSW,0,70636405,Offstream,1059155,7120605780,"c(-107.970749588, 37.258375233)",-0.721246399047171
11581,,RED MESA WARD,"MORMON, WARD",Dam,,HAY GULCH,,,,United States,,Colorado,LA PLATA,"FARMINGTON, NM",,1915,-99,NID,-99,-99,,Built 1915,19,-99,128,-99,0.176,0.176,0.239,-99,-99,1.8,1.8,1.4,-99,10.199999809265137,77,74.0999984741211,2110,78,78,-99,NID data,Main,,,,,,,,,,Irrigation,,,,3: Fair,McGill-MA,-108.14072899999996,37.16915400000005,NA,NA,GOODD-NID,SWBD,0,70639069,Instream,1059268,7121101160,"c(-108.140729, 37.169154)",-0.7544873321858502
11606,,SAN JUAN POWER GENERATION DAM,,Dam,,SAN JUAN RIVER - OS,,,,United States,,New Mexico,SAN JUAN,WATERFLOW,,1972,-99,NID,1981,-99,,Built 1972,32,-99,536,-99,0.475,0.475,0.433,-99,-99,4.1,4.1,3.2,-99,8.600000381469727,3,4333.7001953125,1608,4,5,-99,NID data,,,,,,,,,,Main,Other,,,,3: Fair,McGill-MA,-108.45636039399994,36.78912231100003,NA,NA,GOODD-NID,JRC-GSW,0,70649248,Offstream,1059567,7120618270,"c(-108.456360394, 36.789122311)",-0.3233063903751334
11613,,BOWMAN DAM,,Dam,,MUDDY RIVER-OS,,,,United States,,Nevada,CLARK,LOGANDALE,,1950,-99,NID,-99,-99,,Built 1950,16,-99,379,-99,0.537,0.537,0.668,-99,-99,5,5,4.9,-99,9.300000190734863,106,149.60000610351562,442,265,1,-99,NID data,Multi,,Multi,,Multi,,,,,,Multipurpose,,,,3: Fair,McGill-MA,-114.48044299999998,36.623459000000025,NA,NA,GOODD-NID,SWBD,0,70652776,Instream,1059641,7120622400,"c(-114.480443, 36.623459)",-0.27002571430044436
11727,,CHOLLA FLY ASH POND,,Dam,,LITTLE COLORADO RIVER - TR,,,,United States,,Arizona,NAVAJO,JOSEPH CITY,,1978,-99,NID,-99,-99,,Built 1978,24,-99,1391,-99,1.225,1.225,1.74,-99,-99,22.2,22.2,19,-99,18.100000381469727,2,10000,1550,4,6,-99,NID data,,,,,,,,,,Main,Other,,,,3: Fair,McGill-MA,-110.26393573399997,34.92839973900004,NA,NA,GOODD-NID,JRC-GSW,0,70697124,Offstream,1060975,7121123980,"c(-110.263935734, 34.928399739)",0.0881360887005513
11756,,WILLOW CREEK,,Dam,,WILLOW CREEK,,,,United States,,Arizona,YAVAPAI,GRANITE DELLS,,1936,-99,NID,-99,-99,,Built 1936,30,-99,91,-99,0.512,0.512,1.862,-99,-99,9.6,9.6,7.4,-99,18.799999237060547,94,323.79998779296875,1564,66,65,-99,NID data,Multi,,Multi,,Multi,,,,,,Multipurpose,,,,3: Fair,McGill-MA,-112.43232999999998,34.60140400000006,NA,NA,GOODD-NID,SWBD,0,70706064,Instream,1061426,7121127000,"c(-112.43233, 34.6014040000001)",-0.2907300390241692
11757,,GRANITE CREEK,,Dam,,GRANITE CREEK,,,,United States,,Arizona,YAVAPAI,GRANITE DELLS,,1920,-99,NID,-99,-99,,Built 1920,25,-99,57,-99,0.433,0.433,0.817,-99,-99,6,6,5.7,-99,13.899999618530273,159,119.69999694824219,1574,113,117,-99,NID data,Multi,,Multi,,Multi,,,,,,Multipurpose,,,,3: Fair,McGill-MA,-112.41540099999997,34.59315900000007,NA,NA,GOODD-NID,SWBD,0,70706065,Instream,1061438,7121127000,"c(-112.415401, 34.5931590000001)",-0.36351210364663455
11761,,CORONADO GEN. STATION,,Dam,,LITTLE COLORADO RIVER - TR,,,,United States,,Arizona,APACHE,HOLBROOK,,1978,-99,NID,-99,-99,,Built 1978,23,-99,1006,-99,0.868,0.868,1.335,-99,-99,8.7,8.7,5.7,-99,10,4,6896.89990234375,1771,8,8,-99,NID data,,,,,,,,,,Main,Other,,,,3: Fair,McGill-MA,-109.29687459899998,34.55870854500006,NA,NA,GOODD-NID,JRC-GSW,0,70705632,Offstream,1061482,7120668540,"c(-109.296874599, 34.5587085450001)",-0.0614802748235081
11768,,CHEVELON CANYON,,Dam,,CHEVELON CREEK,,,,United States,,Arizona,COCONINO,WINSLOW,,1966,-99,NID,-99,-99,,Built 1966,26,-99,168,-99,0.653,0.653,0.809,-99,-99,10.5,10.5,8.6,-99,16.100000381469727,127,262.20001220703125,1953,221,228,-99,NID data,,,,,Multi,,Multi,,,,Multipurpose,,,,3: Fair,McGill-MA,-110.82685399999997,34.50947600000006,NA,NA,GOODD-NID,SWBD,0,70707385,Instream,1061550,7120668730,"c(-110.826854, 34.5094760000001)",-0.18508681872492605
11777,,KNOLL,,Dam,,EAST LEONARD CANYON CREEK,,,,United States,,Arizona,COCONINO,WINSLOW,,1963,-99,NID,-99,-99,,Built 1963,19,-99,152,-99,0.205,0.205,0.312,-99,-99,2.2,2.2,1.9,-99,10.699999809265137,11,634.20001220703125,2226,11,10,-99,NID data,,,,,Multi,,Multi,,,,Multipurpose,,,,3: Fair,McGill-MA,-111.08530183499994,34.43033410000004,NA,NA,GOODD-NID,JRC-GSW,0,70709266,Offstream,1061631,7120668340,"c(-111.085301835, 34.4303341)",-0.6882461389442457
11779,,BEAR CANYON,,Dam,,BEAR CREEK,,,,United States,,Arizona,COCONINO,WINSLOW,,1929,-99,NID,-99,-99,,Built 1929,15,-99,105,-99,0.174,0.174,0.263,-99,-99,2,2,1.8,-99,11.5,5,1268.4000244140625,2323,7,5,-99,NID data,,,,,Multi,,Multi,,,,Multipurpose,,,,3: Fair,McGill-MA,-111.00216118199995,34.405051910000054,NA,NA,GOODD-NID,JRC-GSW,0,70709268,Offstream,1061647,7121127590,"c(-111.002161182, 34.4050519100001)",-0.7594507517174003
11782,,DAGGS,,Dam,,SILVER CREEK-ROCKY ARROYO,,,,United States,,Arizona,NAVAJO,TAYLOR,,1919,-99,NID,-99,-99,,Built 1919,17,-99,168,-99,0.624,0.624,1.534,-99,-99,17,17,5.9,-99,27.200000762939453,18,2994.800048828125,1821,355,249,-99,NID data,Multi,,,,Multi,,,,,,Multipurpose,,,,3: Fair,McGill-MA,-109.99687499999999,34.36341600000003,NA,NA,GOODD-NID,SWBD,0,70711077,Instream,1061678,7120673000,"c(-109.996875, 34.363416)",-0.20481541031757602
11786,,WOODS CANYON,,Dam,,WOODS CANYON CREEK,,,,United States,,Arizona,COCONINO,WINSLOW,,1956,-99,NID,-99,-99,,Built 1956,13,-99,124,-99,0.183,0.183,0.206,-99,-99,1.5,1.5,1.3,-99,8.199999809265137,14,339.70001220703125,2298,22,25,-99,NID data,,,,,Multi,,Multi,,,,Multipurpose,,,,3: Fair,McGill-MA,-110.93950999999998,34.334734000000026,NA,NA,GOODD-NID,SWBD,0,70711909,Instream,1061701,7121129050,"c(-110.93951, 34.334734)",-0.7375489102695706
11787,,BLACK CANYON,,Dam,,"WEST FORK, BLACK CANYON CREEK",,,,United States,,Arizona,NAVAJO,HEBER & OVERGAARD,,1964,-99,NID,-99,-99,,Built 1964,22,-99,128,-99,0.11,0.11,0.316,-99,-99,2.3,2.3,2,-99,20.899999618530273,9,810.4000244140625,2157,18,15,-99,NID data,,,,,Multi,,Multi,,,,Multipurpose,,,,3: Fair,McGill-MA,-110.69948699999998,34.33065000000005,NA,NA,GOODD-NID,SWBD,0,70712019,Instream,1061706,7121129010,"c(-110.699487, 34.33065)",-0.958607314841775
11789,,WILLOW SPRINGS,,Dam,,WILLOW SPRINGS,,,,United States,,Arizona,COCONINO,WINSLOW,,1970,-99,NID,-99,-99,,Built 1970,24,-99,213,-99,0.484,0.484,0.607,-99,-99,5.2,5.2,4.5,-99,10.699999809265137,6,2748.199951171875,2294,11,10,-99,NID data,,,,,Main,,,,,,Recreation,,,,3: Fair,McGill-MA,-110.87662461099995,34.31678310500007,NA,NA,GOODD-NID,JRC-GSW,0,70712131,Instream,1061724,7121129050,"c(-110.876624611, 34.3167831050001)",-0.31515463835558755
11790,,GENE WASH,,Dam,,GENE WASH,,,,United States,,California,SAN BERNARDINO,,,1937,-99,NID,-99,-99,,Built 1937,43,-99,117,-99,0.756,0.756,0.906,-99,-99,7.8,-99,7.8,-99,10.300000190734863,10,2473.39990234375,223,17,15,-99,NID data,,,Main,,,,,,,,Water supply,,,,3: Fair,McGill-MA,-114.16877699999998,34.30048300000004,NA,NA,GOODD-NID,SWBD,0,70712499,Instream,1061733,7120675400,"c(-114.168777, 34.300483)",-0.12147820449879346
11791,,FOOL HOLLOW,,Dam,,SHOW LOW CREEK,,,,United States,,Arizona,NAVAJO,TAYLOR,,1956,-99,NID,-99,-99,,Built 1956,24,-99,152,-99,0.296,0.296,0.615,-99,-99,6.9,6.9,4,-99,23.299999237060547,57,383.8999938964844,1910,318,264,-99,NID data,,,,,Main,,,,,,Recreation,,,,3: Fair,McGill-MA,-110.07165999999995,34.27736100000004,NA,NA,GOODD-NID,SWBD,0,70713107,Instream,1061760,7121130450,"c(-110.07166, 34.277361)",-0.5287082889410615
11795,,JAQUES,,Dam,,SHOW LOW CREEK,,,,United States,,Arizona,NAVAJO,SHOW LOW,,1953,-99,NID,-99,-99,,Built 1953,25,-99,600,-99,0.59,0.59,0.753,-99,-99,10.1,10.1,7.4,-99,17.100000381469727,15,2135.10009765625,2003,191,168,-99,NID data,,,,,Multi,,,,,Multi,Multipurpose,,,,3: Fair,McGill-MA,-110.00208299999997,34.19318500000003,NA,NA,GOODD-NID,SWBD,0,70715646,Instream,1061835,7121130450,"c(-110.002083, 34.193185)",-0.22914798835785583
11798,,QUEMADO LAKE DAM,LARGO CREEK DAM,Dam,,LARGO CREEK,,,,United States,,New Mexico,CATRON,QUEMADO,,1971,-99,NID,-99,-99,,Built 1971,30,-99,282,-99,0.437,0.437,0.526,-99,-99,6.8,6.8,2.5,-99,15.600000381469727,55,392,2331,149,161,-99,NID data,,,,,Main,,,,,,Recreation,,,,3: Fair,McGill-MA,-108.49616799999995,34.13798300000008,NA,NA,GOODD-NID,SWBD,0,70716756,Instream,1061900,7121130820,"c(-108.496168, 34.1379830000001)",-0.3595185630295782
11801,,RIVER RESERVOIR #3,RIVER RESERVOIR,Dam,,LITTLE COLORADO RIVER,,,,United States,,Arizona,APACHE,SOUTH FORK,,1896,-99,NID,-99,-99,,Built 1896,18,-99,369,-99,0.407,0.407,0.664,-99,-99,3.9,3.9,2.6,-99,9.600000381469727,28,441.70001220703125,2508,89,89,-99,NID data,Main,,,,,,,,,,Irrigation,,,,3: Fair,McGill-MA,-109.43536099999994,34.03490700000003,NA,NA,GOODD-NID,SWBD,0,70719856,Instream,1062024,7121132740,"c(-109.435361, 34.034907)",-0.39040559077478
11846,,ELGO,,Dam,,SAN CARLOS RIVER,,,,United States,,Arizona,GILA,SAN CARLOS,,1979,-99,NID,-99,-99,,Built 1979,41,-99,335,-99,0.71,0.71,-99,-99,-99,7.4,-99,7.4,-99,10.399999618530273,539,43.5,832,1222,-99,-99,NID data,Main,,,,,,,,,,Irrigation,,,,3: Fair,McGill-MA,-110.426921,33.38868800000006,NA,NA,GOODD-NID,SWBD,0,70734520,Instream,1062830,7120694260,"c(-110.426921, 33.3886880000001)",-0.14874165128092473
11871,,LAKE ROBERTS DAM,,Dam,,SAPILLO CREEK,,,,United States,,New Mexico,GRANT,UNINCORPORATED COMMUNITY WEST OF DAM,,1963,-99,NID,-99,-99,,Built 1963,20,-99,122,-99,0.163,0.163,0.248,-99,-99,3.7,3.7,0.9,-99,22.700000762939453,107,109.69999694824219,1845,239,231,-99,NID data,,,,,Main,,,,,,Recreation,,,,3: Fair,McGill-MA,-108.16294899999997,33.03153400000008,NA,NA,GOODD-NID,SWBD,0,70742200,Instream,1063321,7121142170,"c(-108.162949, 33.0315340000001)",-0.7878123955960422
11879,,BILL EVANS DAM,,Dam,,MANGAS -OS,,,,United States,,New Mexico,GRANT,UNINCORPORATED RESIDENTS,,1969,-99,NID,-99,-99,,Built 1969,52,-99,533,-99,0.25,0.25,0.253,-99,-99,2.9,2.9,2.6,-99,11.600000381469727,0,-99,1422,1,1,-99,NID data,,,,,Multi,,,,,Multi,Multipurpose,,,,3: Fair,McGill-MA,-108.57303734499999,32.865468081000074,NA,NA,GOODD-NID,JRC-GSW,0,70745831,Offstream,1063531,7120704990,"c(-108.573037345, 32.8654680810001)",-0.6020599913279624
11883,,,,Dam,,,,,,United States,,California,,,,-99,-99,,-99,-99,,Unknown year,-99,-99,-99,-99,0.327,0.327,-99,-99,-99,4.8,-99,-99,-99,14.699999809265137,1188,12.800000190734863,-21,1918,-99,-99,Capacity from statistics - Eq 2,,,,,,,,,,,,,,,3: Fair,McGill-MA,-115.69777646099999,32.767744245000074,NA,NA,GOODD,JRC-GSW,0,70747941,Instream,1063645,7120705370,"c(-115.697776461, 32.7677442450001)",-0.4854522473397139
11947,,LAKE PATAGONIA,,Dam,,SONOITA CREEK,,,,United States,,Arizona,SANTA CRUZ,"RIO RICO, I-40 & RAILROAD",,1968,-99,NID,-99,-99,,Built 1968,48,-99,296,-99,0.724,0.724,1.052,-99,-99,9.3,-99,9.3,-99,12.800000190734863,172,171.5,1151,617,609,-99,NID data,,,,,Main,,,,,,Recreation,,,,3: Fair,McGill-MA,-110.86813950499999,31.492806748000078,NA,NA,GOODD-NID,JRC-GSW,0,70774347,Instream,1064899,7120732830,"c(-110.868139505, 31.4928067480001)",-0.1402614338028531
11949,,PARKER CANYON,,Dam,,PARKER CANYON CREEK,,,,United States,,Arizona,COCHISE,"LOS MATATES, MEXICO",,1962,-99,NID,-99,-99,,Built 1962,24,-99,183,-99,0.411,0.411,0.538,-99,-99,5.4,5.4,4.6,-99,13.100000381469727,8,2140.39990234375,1643,25,23,-99,NID data,,,,,Main,,,,,,Recreation,,,,3: Fair,McGill-MA,-110.45552626799997,31.42719993700007,NA,NA,GOODD-NID,JRC-GSW,0,70777555,Instream,1064930,7121156310,"c(-110.455526268, 31.4271999370001)",-0.38615817812393083
11952,,PENA BLANCA,,Dam,,PENA BLANCA CREEK,,,,United States,,Arizona,SANTA CRUZ,I-19,,1958,-99,NID,-99,-99,,Built 1958,24,-99,72,-99,0.125,0.125,0.182,-99,-99,1.5,1.5,1.2,-99,12,13,365.8999938964844,1172,34,36,-99,NID data,,,,,Multi,,Multi,,,,Multipurpose,,,,3: Fair,McGill-MA,-111.08499961299998,31.406791853000072,NA,NA,GOODD-NID,JRC-GSW,0,70776153,Instream,1064939,7120732480,"c(-111.084999613, 31.4067918530001)",-0.9030899869919435
11958,,,,Dam,,,,,,Mexico,,Sonora,,,,-99,-99,,-99,-99,,Unknown year,-99,-99,-99,-99,0.178,0.178,-99,-99,-99,2.5,-99,-99,-99,14,28,283.1000061035156,1495,82,-99,-99,Capacity from statistics - Eq 2,,,,,,,,,,,,,,,3: Fair,McGill-MA,-110.39631210699997,31.27658351900004,NA,NA,GOODD,JRC-GSW,0,70778473,Instream,1065029,7121156690,"c(-110.396312107, 31.276583519)",-0.7495799976911061
11962,,,,Dam,,,,,,Mexico,,Sonora,,,,-99,-99,,-99,-99,,Unknown year,-99,-99,-99,-99,0.547,0.547,-99,-99,-99,8.3,-99,-99,-99,15.199999809265137,48,548.29998779296875,1427,98,-99,-99,Capacity from statistics - Eq 2,,,,,,,,,,,,,,,3: Fair,McGill-MA,-110.33285229299997,31.160198249000075,NA,NA,GOODD,JRC-GSW,0,70780731,Instream,1065106,7120738200,"c(-110.332852293, 31.1601982490001)",-0.2620126736665692
11965,,,,Dam,,,,,,Mexico,,Sonora,,,,-99,-99,,-99,-99,,Unknown year,-99,-99,-99,-99,0.609,0.609,-99,-99,-99,9.3,-99,-99,-99,15.300000190734863,59,499.79998779296875,1504,79,-99,-99,Capacity from statistics - Eq 2,,,,,,,,,,,,,,,3: Fair,McGill-MA,-109.99670793799999,31.143750184000055,NA,NA,GOODD,JRC-GSW-mod,0,70781078,Instream,1065123,7120738140,"c(-109.996707938, 31.1437501840001)",-0.21538270736712464
11971,,,,Dam,,,,,,Mexico,,Sonora,,,,-99,-99,,-99,-99,,Unknown year,-99,-99,-99,-99,0.688,0.688,-99,-99,-99,10.5,-99,-99,-99,15.300000190734863,59,564.29998779296875,1423,95,-99,-99,Capacity from statistics - Eq 2,,,,,,,,,,,,,,,3: Fair,McGill-MA,-110.18477134699998,31.055167828000037,NA,NA,GOODD,JRC-GSW,0,70782849,Instream,1065181,7121158400,"c(-110.184771347, 31.055167828)",-0.16241156176448873
27315,,,,Dam,,,,,,Mexico,,Sonora,,,,-99,-99,,-99,-99,,Unknown year,-99,-99,-99,-99,0.117,0.117,-99,-99,-99,1.6,-99,-99,-99,13.699999809265137,45,112.69999694824219,1550,51,-99,-99,Capacity from statistics - Eq 2,,,,,,,,,,,,,,,3: Fair,McGill-MA,-110.05443342799998,31.066867831000025,NA,NA,GOODD,JRC-GSW,0,70783387,Instream,1430608,7120738990,"c(-110.054433428, 31.066867831)",-0.9318141382538383
27468,,IMPERIAL DIVERSION,,Dam,,COLORADO RIVER,,,,United States,,California,Arizona,YUMA,,1937,-99,NID,-99,-99,,Built 1937,26,-99,1059,-99,8.577,8.577,28.328,-99,-99,197.4,197.4,91.3,-99,23,492047,1.2999999523162842,52,466252,14908,-99,NID data,Main,,,,,,,,,,Irrigation,,,,3: Fair,McGill-MA,-114.46685380699995,32.88325019800004,NA,NA,GOODD-NID,JRC-GSW-mod,0,70746486,Instream,1430761,7121144020,"c(-114.466853807, 32.883250198)",0.9333354100776513
27471,,UPPER GILA VALLEY SITE NO. 10 DAM,WINN CANYON FLOODWATER RETARDING STRUCTURE,Dam,,WINN CANYON,,,,United States,,New Mexico,GRANT,UNINCORPORATED COMMUNITY SOUTHEAST OF DAM,,1963,-99,NID,-99,-99,,Built 1963,15,-99,198,-99,0.101,0.101,-99,-99,-99,1.2,1.2,-99,-99,11.899999618530273,9,422.79998779296875,1418,36,35,-99,NID data,,,,Multi,,,,,,Multi,Multipurpose,,,,3: Fair,McGill-MA,-108.57475184499998,33.010027226000034,NA,NA,GOODD-NID,JRC-GSW-mod,0,70742775,Instream,1430764,7120703010,"c(-108.574751845, 33.010027226)",-0.9956786262173574
27506,,CAVE BUTTES,,Dam,,CAVE CREEK,,,,United States,,Arizona,MARICOPA,PHOENIX,,1980,-99,NID,-99,-99,,Built 1980,36,-99,689,-99,0.217,0.217,7.365,-99,-99,3.8,150.5,-99,-99,17.5,312,38.599998474121094,480,451,495,-99,NID data; Capacity from statistics - Eq 1,,,,Main,,,,,,,Flood control,,,,3: Fair,McGill-MA,-112.04791628699996,33.71866687200003,NA,NA,GOODD-NID,JRC-GSW,0,70727330,Instream,1430799,7121136720,"c(-112.047916287, 33.718666872)",-0.6635402661514705
27507,,CAVE CREEK,,Dam,,CAVE CREEK,,,,United States,,Arizona,MARICOPA,PHOENIX,,1923,-99,NID,-99,-99,,Built 1923,37,-99,510,-99,0.17,0.17,2.671,-99,-99,3.1,17.3,-99,-99,18.200000762939453,311,31.600000381469727,496,449,420,-99,NID data; Capacity from statistics - Eq 1,,,,Main,,,,,,,Flood control,,,,3: Fair,McGill-MA,-112.04545697599997,33.72671679500007,NA,NA,GOODD-NID,JRC-GSW-mod,0,70727330,Instream,1430800,7121136720,"c(-112.045456976, 33.7267167950001)",-0.769551078621726
27508,,PALO VERDE DIVERSION,,Dam,,COLORADO RIVER,,,,United States,,California,Arizona,MAYFLOWER,,1958,-99,NID,-99,-99,,Built 1958,15,-99,395,-99,4.787,4.787,-99,-99,-99,6.2,-99,6.2,-99,1.2999999523162842,518663,0,85,460241,-99,-99,NID data,Main,,,,,,,,,,Irrigation,,,,3: Fair,McGill-MA,-114.51147663199998,33.73559848000008,NA,NA,GOODD-NID,JRC-GSW-mod,0,70726833,Instream,1430801,7121136180,"c(-114.511476632, 33.7355984800001)",0.6800634274819486
27510,,NEW RIVER,,Dam,,NEW RIVER,,,,United States,,Arizona,MARICOPA,GLENDALE & SUN CITY,,1985,-99,NID,-99,-99,,Built 1985,32,-99,709,-99,0.184,0.184,7.203,-99,-99,2.9,126.5,-99,-99,15.800000190734863,341,27,422,417,425,-99,NID data; Capacity from statistics - Eq 1,,,,Main,,,,,,,Flood control,,,,3: Fair,McGill-MA,-112.22866263399999,33.73693709600008,NA,NA,GOODD-NID,JRC-GSW,0,70728976,Instream,1430803,7120689350,"c(-112.228662634, 33.7369370960001)",-0.7351821769904635
27529,,SCHOENS,,Dam,,SHOW LOW CREEK,,,,United States,,Arizona,NAVAJO,TAYLOR,,1988,-99,NID,-99,-99,,Built 1988,36,-99,268,-99,1.053,1.053,3.642,-99,-99,76.5,76.5,7.4,-99,72.5999984741211,147,1650.199951171875,1745,573,516,-99,NID data,,,,Main,,,,,,,Flood control,,,,3: Fair,McGill-MA,-110.10187007799999,34.413131383000064,NA,NA,GOODD-NID,JRC-GSW,0,70709961,Instream,1430822,7120672860,"c(-110.101870078, 34.4131313830001)",0.022428371185486493
27532,,LYNX LAKE,,Dam,,LYNX CREEK,,,,United States,,Arizona,YAVAPAI,PRESCOTT,,1962,-99,NID,-99,-99,,Built 1962,27,-99,116,-99,0.165,0.165,0.212,-99,-99,3.4,3.4,1.8,-99,20.600000381469727,64,168.5,1689,53,48,-99,NID data,Multi,,,,Multi,,Multi,,,,Multipurpose,,,,3: Fair,McGill-MA,-112.38606488699997,34.52143324700006,NA,NA,GOODD-NID,JRC-GSW,0,70708631,Instream,1430825,7120669800,"c(-112.386064887, 34.5214332470001)",-0.7825160557860937
27551,,CHOLLA BOTTOM ASH POND,,Dam,,LITTLE COLORADO RIVER - TR,,,,United States,,Arizona,NAVAJO,JOSEPH CITY,,1978,-99,NID,-99,-99,,Built 1978,22,-99,1280,-99,0.273,0.273,-99,-99,-99,2.7,-99,2.7,-99,9.899999618530273,0,-99,1551,1,1,-99,NID data,,,,,,,,,,Main,Other,,,,3: Fair,McGill-MA,-110.28946873299998,34.95299350000005,NA,NA,GOODD-NID,JRC-GSW,0,70696527,Offstream,1430844,7121123980,"c(-110.289468733, 34.9529935)",-0.563837352959244
27646,,SPENCE,,Dam,,SPENCE CREEK,,,,United States,,Colorado,ARCHULETA,"DULCE, NM",,1965,-99,NID,-99,-99,,Built 1965,18,-99,279,-99,0.113,0.113,0.129,-99,-99,0.8,0.8,0.5,-99,7.099999904632568,20,126.80000305175781,2395,3,5,-99,NID data,Multi,,,,,,Multi,,,Multi,Multipurpose,,,,3: Fair,McGill-MA,-106.86400888999998,37.11494750900005,NA,NA,GOODD-NID,JRC-GSW,0,70641147,Offstream,1430939,7120612400,"c(-106.86400889, 37.114947509)",-0.9469215565165803
27654,,IVINS BENCH,,Dam,,OFF-CHANNEL/SANTA CLARA,,,,United States,,Utah,WASHINGTON,SANTA CLARA,,1943,-99,NID,-99,-99,,Built 1943,14,-99,320,-99,0.126,0.126,-99,-99,-99,1.1,1.1,1,-99,8.699999809265137,13,268.29998779296875,948,6,3,-99,NID data,Main,,,,,,,,,,Irrigation,,,,3: Fair,McGill-MA,-113.71362463399998,37.17895856600006,NA,NA,GOODD-NID,JRC-GSW,0,70638825,Offstream,1430947,7121101070,"c(-113.713624634, 37.1789585660001)",-0.8996294548824371
27661,,MOUNTAIN VIEW,,Dam,,HIDDEN VALLEY,,,,United States,,Colorado,ARCHULETA,"PAGOSA SPRINGS, CO",,2000,-99,NID,-99,-99,,Built 2000,31,-99,122,-99,0.222,0.222,0.219,-99,-99,5.1,5.1,1.3,-99,23,105,154,2299,19,16,-99,NID data,,,Multi,,Multi,,Multi,,,,Multipurpose,,,,3: Fair,McGill-MA,-107.04464597299994,37.31930162400005,NA,NA,GOODD-NID,JRC-GSW,0,70636496,Instream,1430954,7121100180,"c(-107.044645973, 37.319301624)",-0.6536470255493614
27681,,BLANDING CITY NO. 4,,Dam,,WESTWATER CREEK,,,,United States,,Utah,SAN JUAN,,,1965,-99,NID,-99,-99,,Built 1965,30,-99,627,-99,0.271,0.271,-99,-99,-99,3.4,3.4,3,-99,12.5,2,5390.7001953125,1967,3,-99,-99,NID data,,,Main,,,,,,,,Water supply,,,,3: Fair,McGill-MA,-109.49795274999997,37.66525181600008,NA,NA,GOODD-NID,JRC-GSW,0,70628936,Offstream,1430974,7121097750,"c(-109.49795275, 37.6652518160001)",-0.5670307091255943
27696,,ECHO CANYON DAM LINCOLN,,Dam,,MEADOW VALLEY WASH,,,,United States,,Nevada,LINCOLN,PANACA,,1970,-99,NID,-99,-99,,Built 1970,18,-99,457,-99,0.185,0.185,0.259,-99,-99,2.2,2.2,1.9,-99,11.899999618530273,302,23.100000381469727,1609,909,518,-99,NID data,,,,,Multi,,Multi,,,,Multipurpose,,,,3: Fair,McGill-MA,-114.27096863099996,37.906855859000075,NA,NA,GOODD-NID,JRC-GSW,0,70621230,Instream,1430989,7120591510,"c(-114.270968631, 37.9068558590001)",-0.7328282715969862
27805,,MILLER FLAT,,Dam,,MILLER FLAT CREEK,,,,United States,,Utah,EMERY,HUNTINGTON,,1949,-99,NID,-99,-99,,Built 1949,22,-99,255,-99,0.633,0.633,-99,-99,-99,7.9,7.9,6.9,-99,12.5,19,1318.5,2578,9,23,-99,NID data,Main,,,,,,,,,,Irrigation,,,,3: Fair,McGill-MA,-111.24437461399998,39.54045858500007,NA,NA,GOODD-NID,JRC-GSW,0,70580822,Offstream,1431098,7120553230,"c(-111.244374614, 39.5404585850001)",-0.1985962899826449
27807,,GRASSY TRAIL,,Dam,,WHITMORE CANYON CREEK,,,,United States,,Utah,CARBON,EAST CARBON CITY,,1952,-99,NID,-99,-99,,Built 1952,27,-99,183,-99,0.116,0.116,-99,-99,-99,1.4,1.4,1.1,-99,12.100000381469727,62,71.5999984741211,2378,42,49,-99,NID data,,,Main,,,,,,,,Water supply,,,,3: Fair,McGill-MA,-110.39538101799997,39.62332649500007,NA,NA,GOODD-NID,JRC-GSW,0,70580272,Instream,1431100,7120553680,"c(-110.395381018, 39.6233264950001)",-0.9355420107730815
27858,,RITSCHARD,WOLFORD MOUNTAIN RESERVOIR,Dam,,MUDDY CREEK,,,,United States,,Colorado,GRAND,KREMMLING,,1995,-99,NID,-99,-99,,Built 1995,38,-99,582,-99,5.934,5.934,6.273,-99,-99,104.4,104.4,81.4,-99,17.600000381469727,1768,187.1999969482422,2282,710,697,-99,NID data,Multi,,Multi,,,,,,,,Multipurpose,,,,3: Fair,McGill-MA,-106.41450382999994,40.11491243000006,NA,NA,GOODD-NID,JRC-GSW,0,70566508,Instream,1431150,7120540180,"c(-106.41450383, 40.1149124300001)",0.773347541980823
27874,,LITTLE KING RANCH,KINGS RESERVOIR,Dam,,BUFFALO CREEK,,,,United States,,Colorado,GRAND,HOT SULPHUR SPRINGS,,1968,-99,NID,-99,-99,,Built 1968,20,-99,152,-99,0.104,0.104,0.21,-99,-99,1.9,1.9,1.3,-99,18.299999237060547,22,273.8999938964844,2734,7,5,-99,NID data,,,,,Main,,,,,,Recreation,,,,3: Fair,McGill-MA,-106.11570790699994,40.26212525700004,NA,NA,GOODD-NID,JRC-GSW,0,70562118,Offstream,1431166,7121070170,"c(-106.115707907, 40.262125257)",-0.9829666607012196
27924,,,,Dam,,,,,,United States,,Wyoming,,,,-99,-99,,-99,-99,,Unknown year,-99,-99,-99,-99,0.141,0.141,-99,-99,-99,2,-99,-99,-99,14.199999809265137,37,171.39999389648438,1987,23,-99,-99,Capacity from statistics - Eq 2,,,,,,,,,,,,,,,3: Fair,McGill-MA,-107.71658291899996,41.18863359800008,NA,NA,GOODD,JRC-GSW,0,70537752,Instream,1431216,7120512930,"c(-107.716582919, 41.1886335980001)",-0.8507808873446201
31621,,,,Dam,,,,,,United States,,Arizona,,,,-99,1985,Estimated,-99,-99,,Built before 1985,-99,-99,-99,-99,0.028,0.028,-99,-99,-99,0.4,-99,-99,-99,14.300000190734863,3,422.79998779296875,740,6,-99,-99,Capacity from statistics - Eq 2,,,,,,,,,,,,,,,3: Fair,McGill-MA,-111.00746117099999,32.180063096000026,NA,NA,GOODD,JRC-GSW,0,70760518,Offstream,0,7121149230,"c(-111.007461171, 32.180063096)",-1.5528419686577808
31644,,FRYE MESA,,Dam,,FRYE CREEK,,,,United States,,Arizona,GRAHAM,THATCHER,,1929,-99,NID,-99,-99,,Built 1929,33,-99,51,-99,0.006,0.006,0.016,-99,-99,0.2,0.2,0.2,-99,33.29999923706055,0,-99,1488,0,11,-99,NID data,,,Main,,,,,,,,Water supply,,,,3: Fair,McGill-MA,-109.83329126999996,32.75370853100003,NA,NA,GOODD-NID,JRC-GSW,0,70748451,Offstream,0,7121143580,"c(-109.83329127, 32.753708531)",-2.221848749616356
31646,,,,Dam,,,,,,United States,,California,,,,1991,-99,Estimated,-99,-99,,Built 1991,-99,-99,-99,-99,0.026,0.026,-99,-99,-99,0.3,-99,-99,-99,11.5,1187,0.800000011920929,-20,1914,-99,-99,Capacity from statistics - Eq 2,,,,,,,,,,,,,,,3: Fair,McGill-MA,-115.69694574899995,32.76437104200005,NA,NA,GOODD,JRC-GSW,0,70747941,Instream,0,7120705370,"c(-115.696945749, 32.764371042)",-1.585026652029182
31649,,FOOTE WASH,,Dam,,FOOTE WASH,,,,United States,,Arizona,GRAHAM,LONE STAR,,1977,-99,NID,-99,-99,,Built 1977,20,-99,399,-99,0.023,0.023,0.761,-99,-99,0.3,6.1,-99,-99,13,7,135.89999389648438,924,24,26,-99,NID data; Capacity from statistics - Eq 1,,,,Main,,,,,,,Flood control,,,,3: Fair,McGill-MA,-109.64939618999995,32.79656777100007,NA,NA,GOODD-NID,JRC-GSW,0,70748370,Instream,0,7120705590,"c(-109.64939619, 32.7965677710001)",-1.6382721639824072
31657,,CHESLEY-WAMSLEE,,Dam,,CHESLEY WASH,,,,United States,,Arizona,GRAHAM,PIMA,,1975,-99,NID,-99,-99,,Built 1975,20,-99,536,-99,0.004,0.004,0.295,-99,-99,0.1,2.7,-99,-99,25,13,24.399999618530273,888,32,22,-99,NID data; Capacity from statistics - Eq 1,,,,Main,,,,,,,Flood control,,,,3: Fair,McGill-MA,-109.78738293599997,32.91295853200006,NA,NA,GOODD-NID,JRC-GSW,0,70744966,Instream,0,7121143370,"c(-109.787382936, 32.9129585320001)",-2.3979400086720375
31662,,LEE,,Dam,,GILA RIVER - TR,,,,United States,,Arizona,GRAHAM,EDEN,,1981,-99,NID,-99,-99,,Built 1981,22,-99,124,-99,0.009,0.009,0.035,-99,-99,0.3,0.3,-99,-99,33.29999923706055,0,-99,886,1,1,-99,NID data,,,,Main,,,,,,,Flood control,,,,3: Fair,McGill-MA,-109.83262523899998,32.93970831400003,NA,NA,GOODD-NID,JRC-GSW-mod,0,70744677,Offstream,0,7120703540,"c(-109.832625239, 32.939708314)",-2.0457574905606752
31665,,BILLINGSLEY DAM,,Dam,,BILLINGSLEY WASH,,,,United States,,Arizona,GRAHAM,,,-99,-99,,-99,-99,,Unknown year,-99,-99,-99,-99,0.042,0.042,-99,-99,-99,0.5,-99,-99,-99,11.899999618530273,3,528.5,874,8,-99,-99,Capacity from statistics - Eq 2,Main,,,,,,,,,,Irrigation,,,,3: Fair,McGill-MA,-109.85079296099997,32.94853775900003,NA,NA,GOODD-NID,JRC-GSW-mod,0,70744677,Offstream,0,7120703540,"c(-109.850792961, 32.948537759)",-1.3767507096020994
31676,,WHITLOW RANCH DAM,WHITLOW RANCH RESERVOIR,Dam,,QUEEN CREEK,,,,United States,,Arizona,PINAL,QUEEN VALLEY,,1959,-99,NID,-99,-99,,Built 1959,45,-99,255,-99,0.017,0.017,0.004,-99,-99,0.4,80.1,-99,-99,23.5,270,4.699999809265137,651,374,370,-99,NID data; Capacity from statistics - Eq 1,Multi,,,Multi,,,,,,,Multipurpose,,,,3: Fair,McGill-MA,-111.27515239199994,33.300106683000024,NA,NA,GOODD-NID,JRC-GSW-mod,0,70736352,Instream,0,7121139790,"c(-111.275152392, 33.300106683)",-1.7695510786217261
31704,,DREAMY DRAW,,Dam,,DREAMY DRAW,,,,United States,,Arizona,MARICOPA,PHOENIX,,1973,-99,NID,-99,-99,,Built 1973,13,-99,139,-99,0.004,0.004,0.109,-99,-99,0.1,0.9,-99,-99,25,0,-99,427,3,3,-99,NID data; Capacity from statistics - Eq 1,,,,Main,,,,,,,Flood control,,,,3: Fair,McGill-MA,-112.03164962099999,33.56297020400007,NA,NA,GOODD-NID,JRC-GSW-mod,0,70731755,Offstream,0,7121138380,"c(-112.031649621, 33.5629702040001)",-2.3979400086720375
31728,,SUNNYCOVE,,Dam,,SUNNYCOVE WASH,,,,United States,,Arizona,MARICOPA,WICKENBURG,,1975,-99,NID,-99,-99,,Built 1975,15,-99,216,-99,0.01,0.01,0.073,-99,-99,0.5,0.5,-99,-99,50,0,-99,662,0,3,-99,NID data,,,,Main,,,,,,,Flood control,,,,3: Fair,McGill-MA,-112.74083295999998,33.95612520700007,NA,NA,GOODD-NID,JRC-GSW-mod,0,70721569,Offstream,0,7121134060,"c(-112.74083296, 33.9561252070001)",-2
31764,,UPPER GOLDWATER,,Dam,,BANNON CREEK,,,,United States,,Arizona,YAVAPAI,PRESCOTT,,1932,-99,NID,-99,-99,,Built 1932,16,-99,117,-99,0.056,0.056,0.093,-99,-99,0.9,0.9,0.6,-99,16.100000381469727,8,356.70001220703125,1828,6,7,-99,NID data,,,Multi,,Multi,,,,,,Multipurpose,,,,3: Fair,McGill-MA,-112.45054521199995,34.498162139000044,NA,NA,GOODD-NID,JRC-GSW,0,70707153,Offstream,0,7121127000,"c(-112.450545212, 34.498162139)",-1.2518119729937995
31765,,LOWER GOLDWATER,,Dam,,BANNON CREEK,,,,United States,,Arizona,YAVAPAI,PRESCOTT,,1923,-99,NID,-99,-99,,Built 1923,22,-99,155,-99,0.03,0.03,0.065,-99,-99,0.4,0.4,0.3,-99,13.300000190734863,8,158.5,1825,6,7,-99,NID data,,,Main,,,,,,,,Water supply,,,,3: Fair,McGill-MA,-112.45583295699998,34.49887521100004,NA,NA,GOODD-NID,JRC-GSW,0,70707153,Offstream,0,7121127000,"c(-112.455832957, 34.498875211)",-1.5228787452803376
31805,,,,Dam,,,,,,United States,,Arizona,,,,-99,-99,,-99,-99,,Unknown year,-99,-99,-99,-99,0.077,0.077,-99,-99,-99,1,-99,-99,-99,13,54,58.70000076293945,1631,59,-99,-99,Capacity from statistics - Eq 2,,,,,,,,,,,,,,,3: Fair,McGill-MA,-112.81679129299994,35.30062938400005,NA,NA,GOODD,JRC-GSW,0,70687309,Instream,0,7120655040,"c(-112.816791293, 35.300629384)",-1.1135092748275182
31853,,SAPPINGTON,,Dam,,COYOTE CREEK-TR,,,,United States,,Colorado,ARCHULETA,"DULCE, NM",,1981,-99,NID,-99,-99,,Built 1981,18,-99,119,-99,0.06,0.06,0.081,-99,-99,0.5,0.5,0.4,-99,8.300000190734863,6,264.20001220703125,2369,1,-99,-99,NID data,Multi,,,,,,Multi,,,Multi,Multipurpose,,,,3: Fair,McGill-MA,-106.85731617899995,37.08991016500005,NA,NA,GOODD-NID,JRC-GSW,0,70641147,Offstream,0,7120612400,"c(-106.857316179, 37.089910165)",-1.2218487496163564
31885,,PINE CANYON DAM,PINE CANYON RESERVOIR,Dam,,PINE CANYON,,,,United States,,Nevada,LINCOLN,CALIENTE,,1957,-99,NID,-99,-99,,Built 1957,28,-99,269,-99,0.021,0.021,0.004,-99,-99,0.3,13.2,-99,-99,14.300000190734863,85,11.199999809265137,1732,79,117,-99,NID data; Capacity from statistics - Eq 1,,,,Main,,,,,,,Flood control,,,,3: Fair,McGill-MA,-114.30613681799997,37.475344466000024,NA,NA,GOODD-NID,JRC-GSW,0,70632734,Instream,0,7120600210,"c(-114.306136818, 37.475344466)",-1.6777807052660807
31887,,MATHEWS CANYON DAM,MATHEWS CANYON RESERVOIR,Dam,,MATHEWS CANYON,,,,United States,,Nevada,LINCOLN,CALIENTE,,1957,-99,NID,-99,-99,,Built 1957,22,-99,246,-99,0.032,0.032,0.004,-99,-99,0.4,15.3,-99,-99,12.5,126,10.100000381469727,1657,122,88,-99,NID data; Capacity from statistics - Eq 1,,,,Main,,,,,,,Flood control,,,,3: Fair,McGill-MA,-114.22386945899996,37.496945621000066,NA,NA,GOODD-NID,JRC-GSW,0,70630974,Instream,0,7120600300,"c(-114.223869459, 37.4969456210001)",-1.494850021680094
31892,,STARVATION CANYON,,Dam,,JOHNSON CREEK - OFFSTREAM,,,,United States,,Utah,SAN JUAN,BLANDING,,1985,-99,NID,-99,-99,,Built 1985,18,-99,629,-99,0.093,0.093,-99,-99,-99,0.8,0.8,0.6,-99,8.600000381469727,0,-99,1990,0,3,-99,NID data,,,Main,,,,,,,,Water supply,,,,3: Fair,McGill-MA,-109.48259823499995,37.67878484100004,NA,NA,GOODD-NID,JRC-GSW,0,70628170,Offstream,0,7121097700,"c(-109.482598235, 37.678784841)",-1.031517051446065
31949,,FRUITA #1,,Dam,,NORTH EAST CREEK,,,,United States,,Colorado,MESA,"GRAND JUNCTION, CO",,1949,-99,NID,2009,-99,,Built 1949,15,-99,183,-99,0.04,0.04,0.049,-99,-99,0.3,0.3,0.2,-99,7.5,3,317.1000061035156,2825,2,-99,-99,NID data,,,Main,,,,,,,,Water supply,,,,3: Fair,McGill-MA,-108.75355238299994,38.847568473000024,NA,NA,GOODD-NID,JRC-GSW,0,70597242,Offstream,0,7120567170,"c(-108.753552383, 38.847568473)",-1.3979400086720375
31951,,GOBBO #3,,Dam,,JOHNSON CREEK,,,,United States,,Colorado,MESA,"DEWEY, UTAH",,1973,-99,NID,-99,-99,,Built 1973,17,-99,238,-99,0.051,0.051,0.061,-99,-99,0.3,0.3,0.2,-99,5.900000095367432,8,118.9000015258789,2735,4,-99,-99,NID data,Multi,,Multi,,,,,,,Multi,Multipurpose,,,,3: Fair,McGill-MA,-108.72655494599996,38.85912267200007,NA,NA,GOODD-NID,JRC-GSW,0,70597445,Offstream,0,7120567170,"c(-108.726554946, 38.8591226720001)",-1.2924298239020637
31952,,FRUITA #2,,Dam,,NORTH EAST CREEK-TR,,,,United States,,Colorado,MESA,"DEWEY, UTAH",,1959,-99,NID,-99,-99,,Built 1959,18,-99,290,-99,0.056,0.056,0.057,-99,-99,0.3,0.3,0.2,-99,5.400000095367432,2,475.6000061035156,2710,1,-99,-99,NID data,,,Main,,,,,,,,Water supply,,,,3: Fair,McGill-MA,-108.76602749299997,38.860696261000044,NA,NA,GOODD-NID,JRC-GSW,0,70597242,Offstream,0,7120567170,"c(-108.766027493, 38.860696261)",-1.2518119729937995
31957,,MERIDIAN LAKE PARK #1,,Dam,,WASHINGTON GULCH,,,,United States,,Colorado,GUNNISON,CRESTED BUTTE,,1980,-99,NID,-99,-99,,Built 1980,24,-99,128,-99,0.02,0.02,0.02,-99,-99,0.2,-99,0.2,-99,10,129,4.900000095367432,2893,20,18,-99,NID data,,,Main,,,,,,,,Water supply,,,,3: Fair,McGill-MA,-106.99484124699995,38.908812426000054,NA,NA,GOODD-NID,JRC-GSW,0,70597564,Instream,0,7120569520,"c(-106.994841247, 38.9088124260001)",-1.6989700043360187
31972,,PALISADE CABIN,CABIN RESERVOIR,Dam,,COTTONWOOD CREEK-OS,,,,United States,,Colorado,MESA,PALISADE,,1956,-99,NID,-99,-99,,Built 1956,34,-99,326,-99,0.095,0.095,0.109,-99,-99,1.4,1.4,1.3,-99,14.699999809265137,1,4439.39990234375,2293,0,-99,-99,NID data,,,Main,,,,,,,,Water supply,,,,3: Fair,McGill-MA,-108.27404190399994,39.08563478200006,NA,NA,GOODD-NID,JRC-GSW,0,70591969,Offstream,1432708,7121082140,"c(-108.274041904, 39.0856347820001)",-1.0222763947111522
32014,,UPPER BLACK CREEK RES,BLUE LAKE,Dam,,BLACK CREEK,,,,United States,,Colorado,SUMMIT,KREMMLING,,1957,-99,NID,-99,-99,,Built 1957,15,-99,82,-99,0.068,0.068,0.085,-99,-99,0.8,0.8,0.5,-99,11.800000190734863,266,9.5,2684,43,41,-99,NID data,Multi,,,,Multi,,,,,,Multipurpose,,,,3: Fair,McGill-MA,-106.26478813299997,39.80325497300004,NA,NA,GOODD-NID,JRC-GSW,0,70574867,Instream,0,7121073940,"c(-106.264788133, 39.803254973)",-1.1674910872937636
32023,,GAYLORD,"SNOW MTN RESERVOIR NO 1, SNOW MOUNTAIN",Dam,,POLE CREEK-TR,,,,United States,,Colorado,GRAND,TABERNASH,,1991,-99,NID,-99,-99,,Built 1991,20,-99,122,-99,0.033,0.033,0.036,-99,-99,0.3,0.3,0.2,-99,9.100000381469727,23,41.400001525878906,2677,5,3,-99,NID data,Multi,,Multi,,Multi,,,,,Multi,Multipurpose,,,,3: Fair,McGill-MA,-105.93716957199996,39.97576192200006,NA,NA,GOODD-NID,JRC-GSW,0,70569446,Offstream,0,7121071550,"c(-105.937169572, 39.9757619220001)",-1.4814860601221125
32066,,MARTIN CULL,,Dam,,FOURMILE CR-TR,,,,United States,,Colorado,MOFFAT,CRAIG,,1955,-99,NID,-99,-99,,Built 1955,16,-99,138,-99,0.065,0.065,0.049,-99,-99,0.4,0.4,0.3,-99,6.199999809265137,10,126.80000305175781,2319,4,8,-99,NID data,Main,,,,,,,,,,Irrigation,,,,3: Fair,McGill-MA,-107.49643592299998,40.83169808700006,NA,NA,GOODD-NID,JRC-GSW,0,70546830,Offstream,0,7120516280,"c(-107.496435923, 40.8316980870001)",-1.1870866433571443
36184,,,,Dam,,,,,,United States,,Colorado,,,,-99,-99,,-99,-99,,Unknown year,-99,-99,-99,-99,-99,-99,-99,-99,-99,-99,-99,-99,-99,-99,52839,-99,1989,11581,-99,-99,,,,,,,,,,,,,,,,2: Good,McGill-TX,-107.19418811699995,39.58866719200006,-107.19390258193016,39.587542896180906,GROD,No Polygon,0,70580397,Instream,0,7120551670,"c(-107.194188117, 39.5886671920001)",NA
36198,,,,Dam,,,,,,United States,,Colorado,,,,2016,-99,JRC-GSW,-99,-99,,Built 2016,-99,-99,-99,-99,3.503,3.503,-99,-99,-99,59.1,-99,-99,-99,16.899999618530273,152,1232.9000244140625,2686,26,-99,-99,Capacity from statistics - Eq 2,,,,,,,,,,,,,,,3: Fair,McGill-BL,-106.10329536899997,39.871683877000066,NA,NA,JRC-GSW,JRC-GSW,0,70572407,Instream,112201,7121073410,"c(-106.103295369, 39.8716838770001)",0.5444401373176924
36201,,HIGH SAVERY,,Dam,,SAVERY CREEK,,,,United States,,Wyoming,CARBON,SAVERY,,2003,-99,NID,-99,-99,,Built 2003,50,-99,351,-99,1.655,1.655,1.952,-99,-99,37.5,37.5,27.7,-99,22.700000762939453,851,139.6999969482422,2197,267,280,-99,NID data,Multi,,,,Multi,,,,,,Multipurpose,,,,3: Fair,McGill-MA,-107.29776714799999,41.272888075000026,NA,NA,JRC-NID,JRC-GSW,0,70535618,Instream,1433007,7120509730,"c(-107.297767148, 41.272888075)",0.21879799811173756
37517,,,,Dam,,,,,,United States,,Colorado,,,,-99,-99,,-99,-99,,Unknown year,-99,-99,-99,-99,-99,-99,-99,-99,-99,-99,-99,-99,-99,-99,56472,-99,2099,10281,-99,-99,,,,,,,,,,,,,,,,2: Good,McGill-TX,-107.62382984199996,38.51055616300005,-107.62382984161377,38.510556163132286,GROD,No Polygon,0,70606565,Instream,0,7120572860,"c(-107.623829842, 38.510556163)",NA
37518,,,,Low Permeable Dam,,,,,,United States,,New Mexico,,,,-99,-99,,-99,-99,,Unknown year,-99,-99,-99,-99,-99,-99,-99,-99,-99,-99,-99,-99,-99,-99,14175,-99,1665,3495,-99,-99,,,,,,,,,,,,,,,,2: Good,McGill-TX,-108.10182603199996,36.785463535000076,-108.102361411,36.782965101,GROD,No Polygon,0,70650257,Instream,0,7120619360,"c(-108.101826032, 36.7854635350001)",NA
37521,,,,Dam,,,,,,United States,,Arizona,,,,-99,-99,,-99,-99,,Unknown year,-99,-99,-99,-99,-99,-99,-99,-99,-99,-99,-99,-99,-99,-99,35757,-99,354,33295,-99,-99,,,,,,,,,,,,,,,,2: Good,McGill-TX,-111.94932103199994,33.43380508100006,-111.94932103157043,33.433805081124106,GROD,No Polygon,0,70733218,Instream,0,7120693700,"c(-111.949321032, 33.4338050810001)",NA
37522,,,,Low Permeable Dam,,,,,,United States,,Colorado,,,,-99,-99,,-99,-99,,Unknown year,-99,-99,-99,-99,-99,-99,-99,-99,-99,-99,-99,-99,-99,-99,104570,-99,1438,22627,-99,-99,,,,,,,,,,,,,,,,3: Fair,McGill-TX,-108.35055985099996,39.10268828300008,-108.349393916,39.1026525912,GROD,No Polygon,0,70592540,Instream,0,7121082140,"c(-108.350559851, 39.1026882830001)",NA
37523,,,,Low Permeable Dam,,,,,,United States,,Colorado,,,,-99,-99,,-99,-99,,Unknown year,-99,-99,-99,-99,-99,-99,-99,-99,-99,-99,-99,-99,-99,-99,104416,-99,1459,22587,-99,-99,,,,,,,,,,,,,,,,2: Good,McGill-TX,-108.32409701599994,39.12768173400008,-108.325257003,39.1276966058,GROD,No Polygon,0,70591544,Instream,0,7121082140,"c(-108.324097016, 39.1276817340001)",NA
37524,,,,Dam,,,,,,United States,,Colorado,,,,-99,-99,,-99,-99,,Unknown year,-99,-99,-99,-99,-99,-99,-99,-99,-99,-99,-99,-99,-99,-99,103268,-99,1466,22264,-99,-99,,,,,,,,,,,,,,,,2: Good,McGill-TX,-108.28230142599995,39.188884216000076,-108.282301426,39.1888842157,GROD,No Polygon,0,70589755,Instream,0,7120561190,"c(-108.282301426, 39.1888842160001)",NA
37525,,,,Dam,,,,,,United States,,California,Arizona,,,-99,-99,,-99,-99,,Unknown year,-99,-99,-99,-99,-99,-99,-99,-99,-99,-99,-99,-99,-99,-99,477866,-99,44,466373,-99,-99,,,,,,,,,,,,,,,,2: Good,McGill-TX,-114.49998915199996,32.82811487400005,-114.499989152,32.8281148743,GROD,No Polygon,0,70747030,Instream,0,7120707710,"c(-114.499989152, 32.828114874)",NA
37526,,,,Dam,,,,,,United States,,Arizona,California,,,-99,-99,,-99,-99,,Unknown year,-99,-99,-99,-99,-99,-99,-99,-99,-99,-99,-99,-99,-99,-99,518453,-99,109,451878,-99,-99,,,,,,,,,,,,,,,,2: Good,McGill-TX,-114.27702784499996,34.168560451000076,-114.277027845,34.1685604509,GROD,No Polygon,0,70715839,Instream,0,7121131910,"c(-114.277027845, 34.1685604510001)",NA
37527,,,,Dam,,,,,,United States,,Arizona,,,,-99,-99,,-99,-99,,Unknown year,-99,-99,-99,-99,-99,-99,-99,-99,-99,-99,-99,-99,-99,-99,89303,-99,161,131000,-99,-99,,,,,,,,,,,,,,,,2: Good,McGill-TX,-113.01270961799997,33.075000948000024,-113.012709618,33.0750009478,GROD,No Polygon,0,70741599,Instream,0,7120700040,"c(-113.012709618, 33.075000948)",NA
37528,,GRANITE REEF DIVERSION,,Dam,,SALT RIVER,,,,United States,,Arizona,MARICOPA,MESA,,1907,-99,NID,-99,-99,,Built 1907,9,-99,344,-99,0.166,0.166,-99,-99,-99,0.9,0.9,0.3,-99,5.400000095367432,35053,0.10000000149011612,399,32468,33670,-99,NID data,Main,,,,,,,,,,Irrigation,,,,2: Good,McGill-TX,-111.68850599999996,33.515761000000055,-111.691507101,33.5156100475,GROD-NID,SWBD,0,70731846,Instream,1062649,7121137920,"c(-111.688506, 33.5157610000001)",-0.7798919119599449
37529,,JACKSON FLAT RESERVOIR,,Dam,,,,,,United States,,Utah,KANE,KANAB,,2012,-99,NID,-99,-99,,Built 2012,14,-99,1356,-99,0.823,0.823,-99,-99,-99,6.9,6.9,5.1,-99,8.399999618530273,12,1823.300048828125,1481,8,13,-99,NID data,Main,,,,,,,,,,Irrigation,,,,3: Fair,McGill-MA,-112.51827557499996,37.01459595700004,NA,NA,JRC-NID,JRC-GSW,0,70642774,Offstream,1433407,7121102770,"c(-112.518275575, 37.014595957)",-0.08460016478773018
37530,,SAND HOLLOW NORTH DAM,,Dam,,OFF CHANNEL,,,,United States,,Utah,WASHINGTON,WASHINGTON,,2002,-99,NID,-99,-99,,Built 2002,30,-99,982,-99,5.213,5.213,-99,-99,-99,75.2,75.2,63.4,-99,14.399999618530273,60,3974.300048828125,911,30,-99,-99,NID data,,,Main,,,,,,,,Water supply,,,,3: Fair,McGill-MA,-113.37300622499998,37.12613935600007,NA,NA,JRC-NID,JRC-GSW,0,70640221,Instream,1433408,7121101360,"c(-113.373006225, 37.1261393560001)",0.7170877249270191
